owner,repo,issue_id,etag
mashlol,notify,837150117,"W/""792216a9c12b5c18db145a7ff1fc8344fde78511e3685827baf36d94cc0a31a6"""
mashlol,notify,665493211,"W/""80c6db8dd5b77fc98d8efb5aa376ddc9efb6ae70ec3e6e538a6404b4cccd8265"""
mashlol,notify,665491763,"""3acd04d9c2d317e08a9b3a7a74e78273cec9f0529b68d82e38a6cd90b261cb96"""
mashlol,notify,646885444,"W/""cda8babe77a26be1f970a9f0423eda28ae2afcc94f8ce3f982752387c4390337"""
mashlol,notify,443401699,"W/""62a400ce15db4e3f7b1c5735b090ac4886cc3346c572cc19405c9806591cf21d"""
mashlol,notify,426979544,"W/""a131dd8cbec240c581374eafc9a9f241dee8538e512a5e5e346054b999cd19a7"""
mashlol,notify,410853906,"W/""b49ecf5bc2ad435741df9cdb934690545875a2f0f3c560cc8f8565277cd75838"""
mashlol,notify,405582968,"W/""b493a30188a4936949db272c8f81e8ac6957a7bb1351b312db0e417399aae85d"""
mashlol,notify,405563691,"""3acd04d9c2d317e08a9b3a7a74e78273cec9f0529b68d82e38a6cd90b261cb96"""
mashlol,notify,404340959,"W/""91ef13efc7b7ae26dee8b5ffe64e884d7632820324fef0c89c7db613aa27d441"""
mashlol,notify,392539916,"W/""b1c3c36dca77255416f280cc7df30ee1c507958d96cbe53ce530aa8ce0ace3ca"""
mashlol,notify,388983402,"""3acd04d9c2d317e08a9b3a7a74e78273cec9f0529b68d82e38a6cd90b261cb96"""
mashlol,notify,387933489,"""3acd04d9c2d317e08a9b3a7a74e78273cec9f0529b68d82e38a6cd90b261cb96"""
mashlol,notify,377095428,"""3acd04d9c2d317e08a9b3a7a74e78273cec9f0529b68d82e38a6cd90b261cb96"""
mashlol,notify,368820391,"W/""f4d008290e0e740d4761cc926064d9f225bf6d8af5c323035b916a6f1d87b894"""
mashlol,notify,361931355,"W/""56b656083bd6da408b56afbee535bd352f7d986826e887424f5a9844ed5d8d8c"""
mashlol,notify,361593190,"""3acd04d9c2d317e08a9b3a7a74e78273cec9f0529b68d82e38a6cd90b261cb96"""
mashlol,notify,348077688,"""3acd04d9c2d317e08a9b3a7a74e78273cec9f0529b68d82e38a6cd90b261cb96"""
mashlol,notify,348058765,"W/""951b66afbabca6ce1469aabe832de090b4ab2c712f4c1ea2746b572eb1259e99"""
mashlol,notify,343649508,"W/""b7faed4c5c8dccf1104e34a465e7813ca18d89ab8a7e71d0855688feb2b90cd7"""
mashlol,notify,343435214,"W/""4a10f9cafdf1a6aca28faa27c054bf29c6435bb9b7f53289a4b7c0865a3c9cfc"""
mashlol,notify,339547337,"W/""2ffed4cab2dc5f964c1639e929b6661ab8de534d5bf8c06f95cd9cb174d945ac"""
mashlol,notify,339252321,"""3acd04d9c2d317e08a9b3a7a74e78273cec9f0529b68d82e38a6cd90b261cb96"""
mashlol,notify,339250548,"""3acd04d9c2d317e08a9b3a7a74e78273cec9f0529b68d82e38a6cd90b261cb96"""
mashlol,notify,339165976,"W/""81bac1f3110754c6ab68ea7eaef5af0309ce92a034037dbfffef370976b82677"""
mashlol,notify,338350297,"W/""0a147c50a45b99d53683178cec500ed13858ca95ab06f3288ba2b3f50d10bb57"""
mashlol,notify,338335916,"W/""8472b1e98e98521448ec1aa1502bb036e074d8e1dc13f2c4a6061a94ebd34d55"""
mashlol,notify,338050533,"W/""a2a56594e17c95f01d4f7f09872541e31d5115a1cbce8a1b1ccf7d5f28591584"""
mashlol,notify,335158492,"W/""8279efd48d0abbd30b5dc1a4e9c4a68378a6dd183dd9fd3463a68feb22b07787"""
mashlol,notify,321644780,"W/""bd53a7f5322fba05c41b66c83431c6541ca06c7bb5e4706d3fc232ba69909fe4"""
mashlol,notify,295909213,"W/""1e61870c6eb67ae4719521bd96ca6e3e4ea91e1b20655e1faaceec60c106f56d"""
mashlol,notify,269396425,"W/""e8435ff9373d0ead2354a2cdd33d7693ea836bb474d2ede078f13b98c635a48c"""
mashlol,notify,266558187,"W/""0a4f20ae43f22eda83cb9fb0659be9d2e3a801c6144e63845f72fcdaa1c0da29"""
mashlol,notify,265918453,"W/""62d4b93e1b10e82c63186b7a8776ef60664d1c4b107aa249791b70f114179933"""
mashlol,notify,247941362,"W/""b8194b6ee3b1e6d75c206bfa4784dac5162f7497fe0fe1420f87d83c5d86a2cc"""
mashlol,notify,238337136,"W/""c080e442748d8058b5cbf89cb3eebd70882152f28a23bdddbafdfe918961e9a0"""
mashlol,notify,235822754,"W/""fa6a22c2bd187f47e312cb4a7e21caa6cc417ff8022550834d24bab6b3576817"""
mashlol,notify,219208753,"W/""08027b1c9c0fb73b26d48e7015d8d5c97d38d1041f3002be2d3e88faf5834585"""
mashlol,notify,218012016,"W/""91c4195bca74bb23b09193691d000deef282fbf0ea831900f8abaaead96268bb"""
mashlol,notify,211334865,"W/""f9a76fcd38db82c938e00e42768eabe9cd4b39249a98049ffb3f88cdb96c0a91"""
mashlol,notify,196598860,"W/""7afc79ca606c2d18fd0dbfb1ffdb6226edf34eb7cbfec908368132049d6fbeb3"""
mashlol,notify,196598177,"W/""dc244d78227b2c9d8bc6b692c6b728930ba29b508932cf0b8cd619b285e66e3c"""
mashlol,notify,195326539,"W/""b5e3d5b116835e8b3589edf840c13cc1cb42e59dfdbb4b5045399331ac2503a3"""
mashlol,notify,193028489,"W/""87fc43d546ac3b83004881907c599c7fe18951ac4ecdbc1b56c4af8872142dde"""
mashlol,notify,188938831,"""3acd04d9c2d317e08a9b3a7a74e78273cec9f0529b68d82e38a6cd90b261cb96"""
mashlol,notify,188621620,"W/""ed4849e19d2072a61947c7d5d861633322e34097036cd4ec635cb8fd51c0535d"""
mashlol,notify,139141074,"W/""26b853c0a92b97bd0c5ecd7b9b071c310cfd5e9365cf5a60e835c2629e3d2d15"""
mashlol,notify,124377281,"W/""60420954e128fc688907af3fbfb179014acb5189efeba24d49a4d9a45b83f3bd"""
mashlol,notify,120527304,"""3acd04d9c2d317e08a9b3a7a74e78273cec9f0529b68d82e38a6cd90b261cb96"""
mashlol,notify,120508116,"W/""0eb95f560f600ee5ceee4d2a9a0f3adb6c1941b194b863761002a9ac46bd114a"""
mashlol,notify,120274271,"W/""f544677281fdb41a2713242e638f1a484b0805df246324d5f18b4684dadb2384"""
mashlol,notify,120233065,"W/""317208bd7ac3573f3c975d7c845b552e0cecd8a4318132a1d48b7d29747ee0a6"""
mashlol,notify,120202018,"W/""b69b10b622f3c6dc0d695d037d4588e72498b46de35b50fbfa232c589c99f985"""
mashlol,notify,120189960,"W/""b998618f61538901e876d4713ca6798e082cf90e7437692ac96de95158eb34a9"""
mashlol,notify,120116573,"W/""2c7b9a6056f4cc154e2bb38074e25a316cbc9c1cb765cf234d5ab769ded5df6a"""
mashlol,notify,120101896,"W/""f17bf9097a935725d31479be64dc267c3445e8cc0e5127c4dbb2db59a3454db2"""
mashlol,notify,120092423,"W/""7ccea071c698869e1e7e64af55806e7a7725032445ccad1df2faffc311c1670b"""
mashlol,notify,120078862,"W/""d0878be95e987498487a1178f950dad20c817622b936c28b0ce40e2e7da4c08b"""
mpark,variant,843999458,"""3acd04d9c2d317e08a9b3a7a74e78273cec9f0529b68d82e38a6cd90b261cb96"""
mpark,variant,793645232,"W/""caf11ea0e5a1fdd62d373adea96dbdb90eceb5f196951f6f2d5f014f2a32fc25"""
mpark,variant,731896891,"W/""a9160d0218426971ec6addd27b92666c93eebe5e072105fb9fa2c318ecc31f0c"""
mpark,variant,603650678,"W/""232f99be1ea7b8b48f4d420c81fc478ed92036134f082479fa87eb6c7e5bed85"""
mpark,variant,572908400,"W/""8efa058b639fed7eda2188ca92b1d6e3bca3e7b22496a2d3c3f83c23be39de62"""
mpark,variant,544258531,"W/""de7b9dbb5cfa8300bfb3a0269465a3fac476e653dcb4701c4bbd6edb786b8b76"""
mpark,variant,543149639,"""3acd04d9c2d317e08a9b3a7a74e78273cec9f0529b68d82e38a6cd90b261cb96"""
mpark,variant,528439852,"W/""ec3880a3eff02fbc1222379928ddbd16a25944ba348e5472c1d2d09224b8006d"""
mpark,variant,528403847,"W/""50151a7c889fe0c078dcf9b07d1e94f25fb3c446264958b30e37e2ac3f6673e3"""
mpark,variant,490223283,"""3acd04d9c2d317e08a9b3a7a74e78273cec9f0529b68d82e38a6cd90b261cb96"""
mpark,variant,484984686,"W/""aca29a544438628ae7aee814084a297d76186aceb67bc54c9a4e2a71afbfeed5"""
mpark,variant,477652271,"W/""c0f5241f2aa0de71d839d84e19b670f49224d3fec3b6336260ef5d3f98941816"""
mpark,variant,477605793,"W/""603d883d4d9859cc10bf74121f7ad5f8aa1166853c81a887bb63520e0448df76"""
mpark,variant,458671040,"W/""56a20997763c4fac473c46f25ffa1399685b2640d7d8ba02a7e472ca109f5920"""
mpark,variant,448489930,"W/""56d5888d07eb0b0d81f7dbcf78c836d576f6a05b956986fcec8f2ecba8e8f478"""
mpark,variant,425017271,"W/""73daafc7ceed9713e377aa554ef919a759fdf0b1093a3c85e3b2d28986ed6db4"""
mpark,variant,421959757,"W/""780fcfe2061fc15f78e95bede5eb0b3ae9f4e4652278b7385d41efd65f2cdc6e"""
mpark,variant,420595019,"W/""ac43180cdca96bb8a6449f05b6f855731e294614b0540da8e3a1ae5229a68686"""
mpark,variant,419164841,"W/""d37bdd4b0bfafb02a38567de318acd2d509b1dc7aa4a95225f2cd3f5a7052e58"""
mpark,variant,414002971,"W/""3a8801e179f79d3fc6049a01628f33f13f6cbd5552b54aedcdfbc4f6af173a3a"""
mpark,variant,407323961,"W/""8fb57a97cf97913ec60e03c3897253a17bc6d1aa5aaa140246f206720494f65b"""
mpark,variant,397640041,"W/""5c063963efdaf0683e012a7832d9b0f4c781d9cb0d5dad3e4eae4c94673aa133"""
mpark,variant,386114126,"W/""b557e2f54afb0a5a0df10a315f169a11030cc8858b9782be253bbe5b0739330d"""
mpark,variant,371523278,"W/""0bc5b0eca3ac7b1f0599081757b8937eb4b61b3a4bdc16f04da9cb819d0bbf4b"""
mpark,variant,366458899,"W/""bcbd873116e1f324c9b99f7c1a3c40dfe9c16d8f8ec4214a713dc59048e775aa"""
mpark,variant,365165545,"W/""3af7ba97c4fbde3653a1eba594f44e7c72a6050019b0d268ae0e7d3fa74565ad"""
mpark,variant,365144784,"W/""7ea06eb6e95a6df1d631b169389c6eeb278762f464e9899c3d3a331a89c7d752"""
mpark,variant,364794315,"W/""fa80d9ef6b86c13e0155833cb4c22c222fe9973fe840e11007f51b5269e538bb"""
mpark,variant,360329119,"""3acd04d9c2d317e08a9b3a7a74e78273cec9f0529b68d82e38a6cd90b261cb96"""
mpark,variant,354913635,"W/""8242bf97f660d0de5d49ac60944bbae7f10864240bb10582fddff6bac58422a6"""
mpark,variant,350801444,"W/""3e0f655a88700aa232e8cb863454a48bde0eb43cdddb23416714e3407972daa2"""
mpark,variant,333722269,"W/""a10eba571137dc7b167d773b2456612d0a92f51307c30c0999993891db4c1160"""
mpark,variant,332924953,"W/""a8e94abc10008ba98b99a30f3e731a13547bdfa721829733085d77b4b5744667"""
mpark,variant,310146872,"W/""982f146d8dced0bc2e3cf47a68557f4a1fa92742a34ebca190ee615ceefeb447"""
mpark,variant,309527212,"W/""49bdfde139001973cb2b871d35b6827ad3e519fe636a529392d4afee6b822fb6"""
mpark,variant,305615927,"W/""d023db4776a3f0843fc6b2d31f7c3ff86a063b33720ef009d3a5b97716c17728"""
mpark,variant,300478684,"W/""f982e52ea90600839825efb5eef32d447acb2226fbfe07f6d5a5d79bbe2de1cd"""
mpark,variant,294411045,"W/""3c453e7f91c74f8d188443f92d31658c21b18293da6b4eac1444b84047d78865"""
mpark,variant,294207277,"W/""c57d0b68e2430bea48e1f4375435070298e169e72dcca80fe8151df64e10d670"""
mpark,variant,291668956,"W/""70c2b715cfae160f7493c3372e5315113b322ed32ba5a8506dbd88f5773a7dab"""
mpark,variant,281075570,"W/""17d32bf5c860fd26261591c6f290e16ac6eae4b036d78d13db6d5310593460a6"""
mpark,variant,280250069,"W/""4a31537a565198baf9acac153fa6567bccd8aeda0013b68256df6819d9779aa1"""
mpark,variant,280249634,"W/""ca999e32010f69b2f34f63e9973d4b52fec41920e752f1f02ee7930dc4368084"""
mpark,variant,279409394,"W/""8fe2f1c97f116dcd350c9cd3fc2df82e30fbaf17d1ff9b01dc4efac46130912a"""
mpark,variant,260036134,"W/""02dcbb9c0e68987d12e19544d3998dd566be6e0c9d391d299a5c03319bd0a2ac"""
mpark,variant,231140963,"""3acd04d9c2d317e08a9b3a7a74e78273cec9f0529b68d82e38a6cd90b261cb96"""
mpark,variant,230556315,"W/""9dcd3d83181ff3b3432a41949f6c40b56298da85185f8fd9d6ddf578880766f2"""
mpark,variant,230270899,"W/""cd9b8260c074f021c74bcc47374914441b5f59460e438e4e4f15bf946af9d1c5"""
mpark,variant,230117392,"W/""2ec0efca5a2dbfb765bd879f60b299df256ffa2f89bda2f6296c6d497704e378"""
mpark,variant,229498300,"W/""a7ba9b87aabbe65dc9697919ba9100049c4030d4da87c97017e34807e632fec3"""
mpark,variant,229225885,"W/""80df5dcaf17a2edf0fa1de80e5c0c05b87840c662c2be92217529a94ba8a0bc6"""
mpark,variant,223663473,"W/""0c68fadec1f5f284e9da68e70112ce2a3bd53c5d884763ecc9c716a4dc497aee"""
mpark,variant,223343693,"W/""e57b3a647cddbee4334c8c2b3d461a994b87ea5ea4756d6fc349fcf563eecc12"""
mpark,variant,223312031,"W/""956acc7c7e7ce37b9c485025db0b43c078d033bca3d47de74bbd135233859860"""
mpark,variant,223296642,"""3acd04d9c2d317e08a9b3a7a74e78273cec9f0529b68d82e38a6cd90b261cb96"""
mpark,variant,212287108,"W/""4806020a15e5bfb4fea9428c1953f197d60d97f1fdd010c89d5f1a089fe49206"""
mpark,variant,209876145,"""3acd04d9c2d317e08a9b3a7a74e78273cec9f0529b68d82e38a6cd90b261cb96"""
mpark,variant,207096169,"W/""095ff31ad04b7615fd75a82d3f784efda66116fd7c0463faffdb340c845a55bf"""
mpark,variant,202935929,"""3acd04d9c2d317e08a9b3a7a74e78273cec9f0529b68d82e38a6cd90b261cb96"""
mpark,variant,199535134,"W/""7e5afba9c077075c5b934d0daf35ccda262a1879c6f3f1dbafec8d345e70dfa4"""
mpark,variant,199534778,"""3acd04d9c2d317e08a9b3a7a74e78273cec9f0529b68d82e38a6cd90b261cb96"""
mpark,variant,199533508,"W/""c2577b8004eba0d347e817722a8e13de20c6fa04531cf7186c651ec265814369"""
mpark,variant,199533379,"W/""5043cb697e6a7c5d8db3d1fe9bb4fb29f74d2066e8d1e6d7203f8cbd3abb4693"""
mpark,variant,197564683,"W/""914c957f092567f0a0f152537d9e4bf0630d57fdad23d83faf8ef5d3ae39ab14"""
mpark,variant,197563836,"W/""de860262ad45344fe705011a48227e84c5d243de4ea02fddcb61f15495b49e44"""
mpark,variant,197563697,"W/""55999138230df28ab84560cef060d9a4e13fdec04bd73a4637d88d58cd5eb4c1"""
mpark,variant,197563472,"W/""0ac367b8c33d4e851ef8b4736910b4e4e085d899163e8149d7f68472450ad0c8"""
mpark,variant,189496990,"W/""8737d46f637a6fd84cf555f9c9b91cce0ff52ee0bbb38f4c0b3120e20b538626"""
mpark,variant,178508078,"W/""2f4241165f9a2b1188d126e6b988f6d1cedb4ac72861c206c68a45d14b0104af"""
mpark,variant,164314623,"W/""63e5c7d128cf0ebdb1c3c958d9ebfc328c7c36ae5361f5d93cbdd220cdcfdfb3"""
mpark,variant,127473940,"W/""0725fae4d6d5f741cbe9fc8c7e905058bebefef843c23f0ec191f25eda4fe1b9"""
mpark,variant,123853191,"""3acd04d9c2d317e08a9b3a7a74e78273cec9f0529b68d82e38a6cd90b261cb96"""
mpark,variant,114390765,"W/""1cf6de35d843360f30823caba33c4a6f5de0c81e4e8df6ae82886198ac9539c3"""
mpark,variant,114390725,"W/""cfd9719617d853a1065a103dc46b717b0feb45fe5c6292a237711fc7eba86787"""
mpark,variant,114389753,"W/""9457cc93b6d6b3f72de7bafdc44dadd2ec1b6b8d78ed2e86227af5b67d219758"""
mpark,variant,114389738,"W/""a5d8446cd745c996cf235ecbd33f24a7ea2af1fbf6bb77c071a464ad2cdfbfc5"""
mpark,variant,114389673,"W/""ba227698c914abee43a4a1b62e898043cdfd3678a09d193d8a2a4721970ab5c6"""
mpark,variant,113785584,"W/""b28273e3d2a43fc92d6ad61eff2ce198df9e0e4a42d6b6bc742c0c81c5457b38"""
passy,build-time-tracker-plugin,761814457,"W/""062b4b1e97d7e912f487ad1d8812c3a0d3fe5f610376f8f16093ce1525db4f7c"""
passy,build-time-tracker-plugin,666936298,"W/""6bc8ba1faee6ee7b62a10522204f8c185e040db0e5157696ace5a2c23db4a505"""
passy,build-time-tracker-plugin,638928880,"W/""1041ae4be89464f529560c565da429b28a5fedd58934c00f27483854c25c813e"""
passy,build-time-tracker-plugin,603091176,"""3acd04d9c2d317e08a9b3a7a74e78273cec9f0529b68d82e38a6cd90b261cb96"""
passy,build-time-tracker-plugin,548875689,"""3acd04d9c2d317e08a9b3a7a74e78273cec9f0529b68d82e38a6cd90b261cb96"""
passy,build-time-tracker-plugin,547926176,"W/""ec1bfbbe3f97dc0042b117d007c7f12ff103909cf91901d65366495bfdfba8da"""
passy,build-time-tracker-plugin,449273093,"""3acd04d9c2d317e08a9b3a7a74e78273cec9f0529b68d82e38a6cd90b261cb96"""
passy,build-time-tracker-plugin,440085179,"W/""fd9d4db0be6cf9e3d17a538048fdf6745a8ba064653e6dae8a285b7086ba062d"""
passy,build-time-tracker-plugin,371460302,"W/""1ea55d4be90880768f6e15194537de173cb5466a18cafc2e35542243dc361ac4"""
passy,build-time-tracker-plugin,350087253,"""3acd04d9c2d317e08a9b3a7a74e78273cec9f0529b68d82e38a6cd90b261cb96"""
passy,build-time-tracker-plugin,349687130,"""3acd04d9c2d317e08a9b3a7a74e78273cec9f0529b68d82e38a6cd90b261cb96"""
passy,build-time-tracker-plugin,349489038,"W/""297258056f942b10c0b9a0468d45dce90e43d070130f37858e25318447e197ed"""
passy,build-time-tracker-plugin,318361862,"""3acd04d9c2d317e08a9b3a7a74e78273cec9f0529b68d82e38a6cd90b261cb96"""
passy,build-time-tracker-plugin,310735521,"W/""7a4e5d77c0bcf88b4419e160759cf8abe11c05c9580b26700061d029c7eaeee0"""
passy,build-time-tracker-plugin,305851257,"""3acd04d9c2d317e08a9b3a7a74e78273cec9f0529b68d82e38a6cd90b261cb96"""
passy,build-time-tracker-plugin,265633572,"""3acd04d9c2d317e08a9b3a7a74e78273cec9f0529b68d82e38a6cd90b261cb96"""
passy,build-time-tracker-plugin,263337110,"W/""406bf999a29f83267ec0a600b55dbc3539281fe7f204d924238bc1667bb70f8b"""
passy,build-time-tracker-plugin,261197796,"W/""6a6f733ab7229e1d392fd87314b242abc3a31b9a02a22e1aa0490ab54ef30bf2"""
passy,build-time-tracker-plugin,260328779,"W/""0346229e4c8c86a702a3abade083d04749f320508997b9ebde2f04eaa0f83953"""
passy,build-time-tracker-plugin,259446259,"W/""a7623e768f9bd880d2c896e25aa84982c38d2b333ddb66926ee4300f9e4de2c4"""
passy,build-time-tracker-plugin,253830694,"W/""7ec42c2abbbf059b2fd85a77f0742c5524d2224438732479209511eccdafc7a9"""
passy,build-time-tracker-plugin,246715093,"W/""9e49a7afbdb65be2cdd051af4eaadd6f31206316c4851ccc529865f13bef5f2b"""
passy,build-time-tracker-plugin,236825951,"W/""3d346896d9c3356047de21b830683b26e022a2582f7ea9ab7cddbe38b6290554"""
passy,build-time-tracker-plugin,222226977,"""3acd04d9c2d317e08a9b3a7a74e78273cec9f0529b68d82e38a6cd90b261cb96"""
passy,build-time-tracker-plugin,204455786,"W/""09f3a1b731cdc6b3b244c58b90241f289ab5e50f2c80515501cf8b09c8dfd14f"""
passy,build-time-tracker-plugin,200802247,"W/""860d182f7cdbc6c1122b6cc94ff0a5d5ee67aebaecf38b530949c5916af468e2"""
passy,build-time-tracker-plugin,200021862,"W/""9d7c76b1d5439b66159f57e2c8af7f2c23df9c5bfd1f29533c5a1c294435f5aa"""
passy,build-time-tracker-plugin,198733006,"W/""7a6a518adaf59307d7cbeed5bbb34e0bf07725fa1c8c5a6068a3e75c802f5085"""
passy,build-time-tracker-plugin,195093033,"W/""1f34d9664e4787e9cf8bf7cd4ef570890785da498bc44f24010221ec0805dc31"""
passy,build-time-tracker-plugin,180536051,"W/""067d051035e8a73c23ba260aa952aff1a5ed996cf60682c39e17cb6d41327b02"""
passy,build-time-tracker-plugin,164492835,"""3acd04d9c2d317e08a9b3a7a74e78273cec9f0529b68d82e38a6cd90b261cb96"""
passy,build-time-tracker-plugin,162255920,"W/""839b424a3c235087a52b4f978b0f5607095a776da58d58fbef531af956e7930e"""
passy,build-time-tracker-plugin,162251854,"W/""98246b6c8c87592e5736e3cad98ef0ac5e5799b994386f6c22c14710a6449a7a"""
passy,build-time-tracker-plugin,160495447,"""3acd04d9c2d317e08a9b3a7a74e78273cec9f0529b68d82e38a6cd90b261cb96"""
passy,build-time-tracker-plugin,160290678,"""3acd04d9c2d317e08a9b3a7a74e78273cec9f0529b68d82e38a6cd90b261cb96"""
passy,build-time-tracker-plugin,159174246,"""3acd04d9c2d317e08a9b3a7a74e78273cec9f0529b68d82e38a6cd90b261cb96"""
passy,build-time-tracker-plugin,159151742,"W/""3d4ecd793785be00f7cea03cf8950b2aec147dbe90a6a3143adfc794a20ae401"""
passy,build-time-tracker-plugin,157728600,"""3acd04d9c2d317e08a9b3a7a74e78273cec9f0529b68d82e38a6cd90b261cb96"""
passy,build-time-tracker-plugin,156699449,"W/""bcbfcda112b55a99770e8259cdaa57f6cb0bb68d0d0efd2da756d064b30aa067"""
passy,build-time-tracker-plugin,156537743,"W/""96fe92cfd704822651473dceb2cc3c1081e9ceda2764dc3dafcb6ef2ac58539b"""
passy,build-time-tracker-plugin,155362374,"""3acd04d9c2d317e08a9b3a7a74e78273cec9f0529b68d82e38a6cd90b261cb96"""
passy,build-time-tracker-plugin,148631843,"""3acd04d9c2d317e08a9b3a7a74e78273cec9f0529b68d82e38a6cd90b261cb96"""
passy,build-time-tracker-plugin,142134225,"W/""11bcae57b6eac9bbe85621865a54988bb4ef11fe10eccec96a86b52704156c2d"""
passy,build-time-tracker-plugin,141241100,"W/""b8f49abdf0ac60d36f48502ad6ad9b20d0f003da57709c3ec08f03f6bdf9a9d0"""
passy,build-time-tracker-plugin,141211181,"W/""d8801a06b71ad78faeb112c5d93afb20db70cbc39f3df8bf58325c6291108d27"""
passy,build-time-tracker-plugin,136038360,"""3acd04d9c2d317e08a9b3a7a74e78273cec9f0529b68d82e38a6cd90b261cb96"""
passy,build-time-tracker-plugin,133045138,"W/""a940c533996c6e256eb88c762d65fd5c611a4f45a2881fcc89c967a4d8323f0b"""
passy,build-time-tracker-plugin,120086971,"W/""052aafb7f781ed2157b572873517b21e270dc4757dcfa507dfd779889e2d12d9"""
passy,build-time-tracker-plugin,114035124,"""3acd04d9c2d317e08a9b3a7a74e78273cec9f0529b68d82e38a6cd90b261cb96"""
passy,build-time-tracker-plugin,108958217,"""3acd04d9c2d317e08a9b3a7a74e78273cec9f0529b68d82e38a6cd90b261cb96"""
passy,build-time-tracker-plugin,100288795,"""3acd04d9c2d317e08a9b3a7a74e78273cec9f0529b68d82e38a6cd90b261cb96"""
passy,build-time-tracker-plugin,62100304,"""3acd04d9c2d317e08a9b3a7a74e78273cec9f0529b68d82e38a6cd90b261cb96"""
passy,build-time-tracker-plugin,52530061,"""3acd04d9c2d317e08a9b3a7a74e78273cec9f0529b68d82e38a6cd90b261cb96"""
passy,build-time-tracker-plugin,52501453,"W/""7f33330b842953fad538ef8eb078cb3dec9e661ab1b1dbefe42e0196feac175d"""
passy,build-time-tracker-plugin,52253560,"""3acd04d9c2d317e08a9b3a7a74e78273cec9f0529b68d82e38a6cd90b261cb96"""
passy,build-time-tracker-plugin,52223829,"W/""da109ad53cd57f2f59053ff712f41eed8e1a5d26dd1ab9cfd134d087c40faa51"""
passy,build-time-tracker-plugin,47153085,"W/""90c253b493ff26cdd33d5dec9dd2e703c887d64bcac4907ee46a60c2fff3cf9b"""
passy,build-time-tracker-plugin,46809801,"""3acd04d9c2d317e08a9b3a7a74e78273cec9f0529b68d82e38a6cd90b261cb96"""
passy,build-time-tracker-plugin,46506534,"""3acd04d9c2d317e08a9b3a7a74e78273cec9f0529b68d82e38a6cd90b261cb96"""
passy,build-time-tracker-plugin,45736217,"W/""1e23da6fde0f37a0c3b45a72fc0aa0b0c0d817559159b05303d668a5be23747e"""
passy,build-time-tracker-plugin,45634153,"W/""452bceff9eabcfce8731ca293d437eb92603104ad4ebadc1398808539965ca3c"""
passy,build-time-tracker-plugin,45482146,"W/""a6bb3c2aa4666ad131a6afad6bc7c852b216989e2fec0a61e82b67288539bdb6"""
passy,build-time-tracker-plugin,45339834,"""3acd04d9c2d317e08a9b3a7a74e78273cec9f0529b68d82e38a6cd90b261cb96"""
passy,build-time-tracker-plugin,45096481,"""3acd04d9c2d317e08a9b3a7a74e78273cec9f0529b68d82e38a6cd90b261cb96"""
passy,build-time-tracker-plugin,45095098,"W/""0942bbf2549b0c344e6d7275fd56e2b6a0ebca0947f3ebcc5a0ae4216b6b370d"""
passy,build-time-tracker-plugin,45093408,"W/""a1ff3752a38d26ccd15e244a99698a17487a259cb45e334fa925704b7762ec54"""
passy,build-time-tracker-plugin,45088851,"""3acd04d9c2d317e08a9b3a7a74e78273cec9f0529b68d82e38a6cd90b261cb96"""
passy,build-time-tracker-plugin,45088483,"W/""0643d9e0873ab7f0d66f70534cdd4caf22c3704070f23e7a08ccdf848b27c4cd"""
passy,build-time-tracker-plugin,43289983,"W/""f8baceed7b23f3f652fad5570aa21e514a313ecdbdaf8514b2f7428260a8b853"""
passy,build-time-tracker-plugin,43219862,"""3acd04d9c2d317e08a9b3a7a74e78273cec9f0529b68d82e38a6cd90b261cb96"""
passy,build-time-tracker-plugin,40340037,"W/""d664e9dcdeaf0ad0b668fed89be800f6e93f2d86b0cb7d7f08514c68d66a0d91"""
passy,build-time-tracker-plugin,40036800,"W/""508ca711da8d96ba6a04a2f4dec809e99cd243af62f734abbd7197a30d598da3"""
passy,build-time-tracker-plugin,39963746,"""3acd04d9c2d317e08a9b3a7a74e78273cec9f0529b68d82e38a6cd90b261cb96"""
passy,build-time-tracker-plugin,39960005,"W/""24d6f81e52619aa2c1978ca93a1cef19c9aa2975d1047157811299d87331c1a2"""
passy,build-time-tracker-plugin,39916297,"W/""a9d8fc379b353e43b0252adadfdbd05cb5acc59db7525d45c7ffb59af8110c71"""
passy,build-time-tracker-plugin,39463689,"W/""7ccde4452cb1cf142f46a92daa17881f273136c2f0d80e7af31ad89199648d0b"""
passy,build-time-tracker-plugin,39444714,"""3acd04d9c2d317e08a9b3a7a74e78273cec9f0529b68d82e38a6cd90b261cb96"""
passy,build-time-tracker-plugin,39347248,"W/""0ff6c97d67a8887408e5d25067aaead58ba5eb14bd7d104ae57693762d95199d"""
passy,build-time-tracker-plugin,39338099,"W/""0f9bdcd24f7164e476f7fc997e05dcaa0bed883cc9df7171caa80292f6854476"""
passy,build-time-tracker-plugin,39315968,"W/""64b3dfd4b75c79aba981c218685afaa3a2bd6b3a1e8dc08121026fd0889d973e"""
passy,build-time-tracker-plugin,39314567,"W/""ee750f81d0cc0d7022768aeb7eb2d805dfca4395548889755e6dca01b4ba03a1"""
passy,build-time-tracker-plugin,39306604,"W/""8ee4da08d78295a78fb83d4fa19d688c1f57c182f87fc46d02537bab386b9975"""
passy,build-time-tracker-plugin,39306404,"W/""e39594cdb8da3c6e616d2aa1ea2d4e86d3d7466161bac89d7fff63487b4fb487"""
passy,build-time-tracker-plugin,39302814,"""3acd04d9c2d317e08a9b3a7a74e78273cec9f0529b68d82e38a6cd90b261cb96"""
passy,build-time-tracker-plugin,39284125,"W/""7febd3cb742b99d7476dd869e057207dedc15647b0b4b0c60a0ff04d0cbc75f0"""
passy,build-time-tracker-plugin,39283881,"""3acd04d9c2d317e08a9b3a7a74e78273cec9f0529b68d82e38a6cd90b261cb96"""
passy,build-time-tracker-plugin,39282769,"W/""17af38da747c5f129ff0fde6ae0d1aaa0798f501279793756ca0b86a32db6db3"""
passy,build-time-tracker-plugin,39282558,"W/""e87ddc8bdddb6f64d7bd86e5ba027171daa97356f9d8c3b74497a5b4d70f9851"""
passy,build-time-tracker-plugin,39177410,"W/""ba5d667023f0ef6f130d7290d78a872fbb0b01c843c385d63283c1a09ae41359"""
passy,build-time-tracker-plugin,39111909,"""3acd04d9c2d317e08a9b3a7a74e78273cec9f0529b68d82e38a6cd90b261cb96"""
passy,build-time-tracker-plugin,39105215,"""3acd04d9c2d317e08a9b3a7a74e78273cec9f0529b68d82e38a6cd90b261cb96"""
passy,build-time-tracker-plugin,39093779,"""3acd04d9c2d317e08a9b3a7a74e78273cec9f0529b68d82e38a6cd90b261cb96"""
passy,build-time-tracker-plugin,39089605,"""3acd04d9c2d317e08a9b3a7a74e78273cec9f0529b68d82e38a6cd90b261cb96"""
passy,build-time-tracker-plugin,39084639,"W/""980a75b9a10dc95e85a2bdf6a701c5a31add4b335793648ecf277e87206a4ab8"""
passy,build-time-tracker-plugin,39083396,"W/""34f082b0d8cc8e1e5698be82d90fbba9e5cfc678e846c36aebf2e80ab3304b70"""
passy,build-time-tracker-plugin,39082400,"""3acd04d9c2d317e08a9b3a7a74e78273cec9f0529b68d82e38a6cd90b261cb96"""
passy,build-time-tracker-plugin,39081998,"""3acd04d9c2d317e08a9b3a7a74e78273cec9f0529b68d82e38a6cd90b261cb96"""
passy,build-time-tracker-plugin,39054293,"W/""0d28173760aaca92f52a1a87bb25a9349f2646af90858d2a1491bea8aea063ee"""
passy,build-time-tracker-plugin,39019710,"W/""a8cb6b082d3dbff5401ec45b656fd8b3d037b25a9fbeab474a868a9b4b4190e7"""
passy,build-time-tracker-plugin,39014099,"W/""a4eec2e0ca76987de7959b80b0cfecfdeed96d0e95901f1443860576f26a55e2"""
passy,build-time-tracker-plugin,38998436,"W/""d97d054862c9b78e3c97abe7b7d43fe9d9e7f84114f36a143535ad79efc58252"""
passy,build-time-tracker-plugin,38989704,"""3acd04d9c2d317e08a9b3a7a74e78273cec9f0529b68d82e38a6cd90b261cb96"""
nsomar,OAStackView,217628541,"""3acd04d9c2d317e08a9b3a7a74e78273cec9f0529b68d82e38a6cd90b261cb96"""
nsomar,OAStackView,206737723,"""3acd04d9c2d317e08a9b3a7a74e78273cec9f0529b68d82e38a6cd90b261cb96"""
nsomar,OAStackView,202262309,"W/""1931208d12ea4445c773aeeb910a4659dddd7cf45484f4351ee1c2bbf9951661"""
nsomar,OAStackView,201929422,"W/""62a60348c820c4e3486c0819b56b63def029fda400110bee2aaeda3168b5e41d"""
nsomar,OAStackView,201650667,"W/""5ffe627860c2f05c47a95d943cd741d6edc1df6c4eb882185d1a1426ff8d6804"""
nsomar,OAStackView,201275106,"""3acd04d9c2d317e08a9b3a7a74e78273cec9f0529b68d82e38a6cd90b261cb96"""
nsomar,OAStackView,184393841,"""3acd04d9c2d317e08a9b3a7a74e78273cec9f0529b68d82e38a6cd90b261cb96"""
nsomar,OAStackView,181870480,"W/""e473a9feed7abeaab8c165143b5dfe921726f8f7d46554511075718a72f24107"""
nsomar,OAStackView,173379089,"""3acd04d9c2d317e08a9b3a7a74e78273cec9f0529b68d82e38a6cd90b261cb96"""
nsomar,OAStackView,171706935,"W/""c808c4b3f239abad8759dd7912511b062908f837af433e67d6380a01ec0291bb"""
nsomar,OAStackView,171056131,"""3acd04d9c2d317e08a9b3a7a74e78273cec9f0529b68d82e38a6cd90b261cb96"""
nsomar,OAStackView,165724706,"W/""97098ecfcbf3432fe2e6a2012fab07670bb9fc124d9a7a5840eb5e500eef668e"""
nsomar,OAStackView,165081227,"W/""3bc679cd84e2b5cd3add6b0b997cb5afc5689a7f24cd8905fb64e8c26e12c644"""
nsomar,OAStackView,154853445,"W/""d3b9b4669648a1aac05680a01d8d8601568f865e66521c816f2f5ee61b1fd205"""
nsomar,OAStackView,153281497,"W/""0346bd91292535e37072c098fa3c38979f1e9a40271c52bec753a617e0a3c6f9"""
nsomar,OAStackView,153276177,"W/""64836551c9b54197aa1abf87b88013a16109dfb1c37c6842d2bcf0db77a9271f"""
nsomar,OAStackView,153104379,"W/""37665d149378fffa61f486ddc8520166de55edaefc7d313f2c2af69f4454bb8e"""
nsomar,OAStackView,139810956,"""3acd04d9c2d317e08a9b3a7a74e78273cec9f0529b68d82e38a6cd90b261cb96"""
nsomar,OAStackView,139726386,"W/""735eddacd601cb8518348e904aff4ba4cd084844f0334578c1bafbe6d60f3ad2"""
nsomar,OAStackView,136879915,"W/""c0ac8a41da41550ca12274de553347af9c3f15b02087fdca51c24b2d8ba6097e"""
nsomar,OAStackView,136655577,"W/""fa336c2ec070d89ce62c2706720170f4dbf1def4e00b121da604aafd0c7cf311"""
nsomar,OAStackView,136507156,"W/""e970e31a581289bd695b9f86443fd1a0351fd8f183d6b47e459f819896dce447"""
nsomar,OAStackView,136308488,"W/""e45c75c19d592f8815bec21adfb1183a1cc0738c2499a1d8d33650c61f3a4aa9"""
nsomar,OAStackView,135164614,"W/""e0bcfdfae8e749a655cc17d5931ab2f6e6ffd49380f61403d6ee79352b84ecc4"""
nsomar,OAStackView,130670244,"W/""ee265259473eb753292b9a128e58021827fcdbcd279d19a4c08a095f00cd5d63"""
nsomar,OAStackView,129625357,"W/""61ef6b195479dbe345cf2f6861f61f9b25754580cb22f67b4f028113b7a98fc9"""
nsomar,OAStackView,129441798,"W/""c611bbf7589e11208da7653f3a6f193cf5e2a56fbaeeffba3525c4fdcdafe0f0"""
nsomar,OAStackView,126921178,"W/""7dc99bf60b6d12de30ebaf56c203e49959d493e43908efa362f5a6e6e02323c3"""
nsomar,OAStackView,125750365,"""3acd04d9c2d317e08a9b3a7a74e78273cec9f0529b68d82e38a6cd90b261cb96"""
nsomar,OAStackView,125750294,"W/""90f19bafbae2b492145a90a4f57ff2beba6963f9de79e1a452fcc4547ee39059"""
nsomar,OAStackView,125223865,"W/""3e7637500f18d0e61333afcc6e177769b723ad7ebc4cc69063a72d87e20ae0b8"""
nsomar,OAStackView,125107922,"W/""10623a813862bd4ddf75cbaf27a5763b2cf472227cda92ccd18e35596d5f74d0"""
nsomar,OAStackView,123257683,"""3acd04d9c2d317e08a9b3a7a74e78273cec9f0529b68d82e38a6cd90b261cb96"""
nsomar,OAStackView,121685652,"W/""dd4282115ec9a430db989ad1b620629477fffb945e10402fcfb266c82b25b8c0"""
nsomar,OAStackView,119357954,"W/""fb79ca508a16f4a1a5a8e7f228e2c3fe366fabdb958bc372b885289f3311549f"""
nsomar,OAStackView,119163007,"W/""bee73a8502dd49f97695444752c0b20a5c8d860be9ff9f351812a1ffa8bd24b7"""
nsomar,OAStackView,119030962,"""3acd04d9c2d317e08a9b3a7a74e78273cec9f0529b68d82e38a6cd90b261cb96"""
nsomar,OAStackView,118716876,"W/""e90573918f02ea62e1d0625c18d811a22fb12b2704572c596ecc9d4690a0c6ae"""
nsomar,OAStackView,118716535,"W/""dd31d81ee37296fb2565d956276fad5ffb3476dbb735cc70b856a7a0a55391b8"""
nsomar,OAStackView,117354112,"""3acd04d9c2d317e08a9b3a7a74e78273cec9f0529b68d82e38a6cd90b261cb96"""
nsomar,OAStackView,115255882,"W/""dd6b833f70970642844030d9593c7fb9571c595865635dc794565ba1a32359f9"""
nsomar,OAStackView,111929732,"W/""7ac367896865a8afff249ea589d80aaf611b0cf50c93d49775f3c88507c092b8"""
nsomar,OAStackView,111808779,"W/""6c7abb9b9ca264fb7b284d0cd29345e686e20eb3fd94488419d0af2eef599403"""
nsomar,OAStackView,111572776,"W/""9aabb11607249ae11be82dd5785d42e2f4326504393c89fe97841b21c51f8f23"""
nsomar,OAStackView,110609323,"W/""2a6f0f08471f1dc3f1e2ce8ff2a5bb6dce7ffac01c34df1f8208661daab1bcca"""
nsomar,OAStackView,109809043,"W/""a13e81d5441cf87c5347cb95f1134d48360aa6bdb9e8878cff0b008c90a061d1"""
nsomar,OAStackView,109807660,"W/""03a8d233a5b502ccfab48c8cab610c608f4e3b8a1cb9d4e329d3c052b6a17979"""
nsomar,OAStackView,109565964,"W/""da1a44a92d9116495246d331bdcd233d0c4fe18b435f62faa42dca1b760b3aca"""
nsomar,OAStackView,108937955,"W/""6eb4756a90e39bf2e7604272a733a05022543077f91732908e27d454c07f17bb"""
nsomar,OAStackView,107991414,"W/""22697b84cdef0ce79735e1eb7a83bb2b839ecf158cc69332670e0c575be04394"""
nsomar,OAStackView,107826027,"W/""edfa3b0f6670288c28859d54b107eba8074f805aad0d64d620fab7dbd4883a4c"""
nsomar,OAStackView,107479489,"W/""a5f92dcbb7f76921217001f07aecbbcce764a4464d2dd0006c55288ef78e5b35"""
nsomar,OAStackView,107479332,"W/""8c7a997da63622775885198b549eb5def426738be81bcbd598b3b760119b1655"""
nsomar,OAStackView,106936491,"W/""99a8afb812d019b97289cb53c599c98d924d666eab42d60d5093efc802e9b23e"""
nsomar,OAStackView,105840505,"W/""1a78020d2916a618021325ffb9ec85664638aa50455c2a155bc66fb20ee72cee"""
nsomar,OAStackView,105310700,"W/""75dae2cb2447be692d71f1ba279c6bfaba90ae9d45509d5c2861c831b182f6ef"""
nsomar,OAStackView,105283504,"W/""d2ca9ba992bcec2330a9f7067041bd5078f7dfbc96877d570e806bc3127fa20f"""
nsomar,OAStackView,104565110,"W/""606717f46265e96d661b7ecfc48df91971d6217e9486cb7c2964359fe290d695"""
nsomar,OAStackView,104348555,"W/""06e5bccf30aef88620afcf1a6e6121cbc360627df68b1a9d5230ca3cc502782e"""
nsomar,OAStackView,103928771,"W/""3fd3c8e9bb7857eb1c4c4dd6e57b33fcbc0ae8dbc4027da3f623e3d44bb15dfa"""
nsomar,OAStackView,103899547,"W/""4f274245d4447fe40d76b3e317eff0521cb0525978966532c08072dc02e233cf"""
nsomar,OAStackView,102809270,"W/""212ed76c5285df18ab7e203f05fd428d8a79f45f7aafe318101c5d91c89d71dd"""
nsomar,OAStackView,102293069,"W/""e89b70016c4c96162815ccbaa6f99fae8bc9f635453a3658f202b3bba3da7564"""
nsomar,OAStackView,102183493,"W/""32c9463207904a9022a93cd6a524d527675344e784e9c2cdafe77ead2ede3dc9"""
nsomar,OAStackView,102064969,"W/""e724963f89112c9218de3b86dbbac42517e08dcf66bd79908ed683ab76e73469"""
nsomar,OAStackView,100609030,"W/""c2c4e1df74bf3c4f5c9352d823f4a18ef08a601c4d681a7cbd9b602291659403"""
nsomar,OAStackView,100456295,"W/""cb040dc3bcdaad4b2d2445673e11df240ebf3bf0996432358247e6779c92986b"""
nsomar,OAStackView,100432521,"W/""a2488fd4974692a5e09cbd3913dba26a40e4825612fac6f7f0e7858ec506eaff"""
nsomar,OAStackView,100105543,"W/""f1e3f9745c3b3bba4294d0f3f6a40ebbd73e22ba0fb86fe84d023f3d95700909"""
nsomar,OAStackView,99612716,"W/""5ec813823587d9579d826a7ca505e176f863806b41db534360d2e7d6f1940f28"""
nsomar,OAStackView,99485824,"W/""62e3f59eda7cbcbc551f7871eb570d2a161429f4d82f997ba932582fc05414fa"""
nsomar,OAStackView,99255134,"W/""830a9ca21f071d9a87c13e58eae5d4e5aa9a5bc69517b447eadfe1fa98b45fca"""
nsomar,OAStackView,97833382,"W/""b87b57f55c62d2b1bc530a5ab65de8f2bc82a437785f270d9f44577345df9917"""
nsomar,OAStackView,97691497,"W/""3faed12f5405d040584837cf024aeb17fb38037c48bd17eac2f9a95092206395"""
nsomar,OAStackView,97649009,"W/""893c3dfe9a06efa2ce8b07cd287fa10d19984d8ece68d600f47c13be8dde918f"""
nsomar,OAStackView,96618602,"W/""102c315eeeaace4b84cf1bd9d5b75d90ffbd3ed47e98f0eaef8e25ffbee49986"""
nsomar,OAStackView,96092679,"W/""37e9941449c97760a5f75c407dda9e276cce5c9f4a64ccfdf2ce9145282fcf52"""
nsomar,OAStackView,95300575,"W/""6adb873bd430208fddd73545bd9bb12ccce544ffb04de6ffc9e66115ba1c049b"""
nsomar,OAStackView,95126832,"W/""7fa4fbbb2fed0920e4b15e9475e529fdf604ecbe5c920635c9e389cbbd200f7e"""
nsomar,OAStackView,93917062,"W/""2a1f60a526c480ae13c2dc116d10fa14c8f14f4db7d14b4773a5a13c15fd949d"""
nsomar,OAStackView,93866383,"W/""cc3235566771de627edc7977f8f72b8b8d10e4fcd6e269f7e1378607dc360460"""
nsomar,OAStackView,93287518,"W/""e5fbf314bac90b575c077cb0a45c6fb942e75095078e82ce21185999c9eb2665"""
nsomar,OAStackView,92955530,"W/""2d7650bd2dc851e324e5a00adeb233de6bc2991fbbb88a2939a4baf27325a042"""
nsomar,OAStackView,92860807,"""3acd04d9c2d317e08a9b3a7a74e78273cec9f0529b68d82e38a6cd90b261cb96"""
nsomar,OAStackView,91825579,"W/""97ef7858b5ee6a4939eddc5f4e16f39ba8e0383b99272d7cfa79c574921ed929"""
nsomar,OAStackView,91036343,"W/""29df71a8e99a609786d67038df7c7da6fdf5f69ae874893edce14683ad324185"""
nsomar,OAStackView,90961571,"W/""7f563d7dc6e9408c14e532fd2af4cba045ed19001cf3e3c457232a315ed1fb53"""
nsomar,OAStackView,90771145,"W/""61f78691645bddf76dc66ab33553afec63d11cb14a240f544729ffaafeaa8473"""
nsomar,OAStackView,90393732,"W/""812d2664e94c0a9da0b511814a0ed91174f77dc437a4f092423a5180d85fdfdb"""
nsomar,OAStackView,90329225,"W/""4da1d17f0610e8a3253846a5992b44854b3cc6b68b8347f50a9459e6b472bdb6"""
nsomar,OAStackView,90194180,"W/""ef84a70a9722d9d4ebe4c440013e437b7e58013755423a00f760ea64cf7263c7"""
nsomar,OAStackView,90147038,"W/""63d7850a16df2b81724239a521637605f871a41f0e835051af36a6c9e23d9b65"""
nsomar,OAStackView,89951414,"W/""ea832a0e0cf8894acc668cb31eb4fcdeb4cf031491bdc9301c175d7a701c986d"""
nsomar,OAStackView,89884290,"W/""eff2133d02b460d3529afb1601341f4483321bb5d14c5cb698788187a64da29e"""
nsomar,OAStackView,89846195,"W/""728dc8fa8ff93df544ebac0f4831e46f850c9c944b80ee97a095f2f618931d21"""
nsomar,OAStackView,89411375,"W/""1c34e5ee76ae746ed6374b88ad07d4a0139b6d0391ec94382896f4491e14ad4e"""
nsomar,OAStackView,89383052,"W/""e14fe179ee208bf5b85dd06d29dceceef489ba3d83a84b2c362e45315dc44219"""
nsomar,OAStackView,89379079,"W/""a169e67c7e5b529ca79c09deadeaa31e4eccde8c0c407d33081a25dbcf0089cb"""
nsomar,OAStackView,89363630,"W/""ed45d579d679a3c27ca001c69df463464552a3256410df5d57abcb8e44abd9bc"""
nsomar,OAStackView,88800194,"W/""5f339938605befff614f6d1839f5ff7cff9a46863364eef78528222ca13088d8"""
nsomar,OAStackView,88741254,"W/""8f918669d0b907da1194aa13589a87348e3e7ece804d222853da53a0e369f109"""
nsomar,OAStackView,88734535,"W/""2098efb4bcb09e93a396510f4353fb126180d85a2ddadad78e2c99a9a3bf734a"""
nsomar,OAStackView,88594087,"W/""29a6c2a75f192a216ec48af37a8fbda19d9bce8b461643e365e922a8dd8e6dfa"""
nsomar,Guaka,763985860,"""3acd04d9c2d317e08a9b3a7a74e78273cec9f0529b68d82e38a6cd90b261cb96"""
nsomar,Guaka,501502951,"W/""97838e27b627de4730eb0cc147a73be1ba8a2f7a793d969bdcb3d4ef09127ade"""
nsomar,Guaka,501395468,"""3acd04d9c2d317e08a9b3a7a74e78273cec9f0529b68d82e38a6cd90b261cb96"""
nsomar,Guaka,476916718,"W/""b6b99eddf3c0e46dbd131ff92fcb526cbb9634d4d148b1dcc3bbdcaf6a54f460"""
nsomar,Guaka,445625600,"W/""0db3dbc4d64796ce7d696503862d648088e99da94438966fc0eaec73d655b763"""
nsomar,Guaka,425491392,"W/""6c39a3e49682a224b4e35fb18a6b4ab84ca3e78462c201bf0843c4de37a26cef"""
nsomar,Guaka,406144198,"W/""ecceb8bbb34fdee4e661eda1ed18540fb9dd2856cfa73ab4f491dcb09f2d7e0f"""
nsomar,Guaka,366747953,"W/""66fd154e227f3efab8cf7fa5559ff71b9f6fb1dbd1c1104b5287891b202cc52a"""
nsomar,Guaka,366297712,"W/""61996149c5f5285b0fcc261a67105842c1088972d913461ab41babbce745538f"""
nsomar,Guaka,362864670,"W/""c647b3503a7e94d277aa2b55a4a92a72e6a81df54bcb5f36beaa9e2322b95496"""
nsomar,Guaka,362287530,"W/""8e76f4570a25d35d32d9601d0f5cbef154a9966d52eeec040d9e41b4a4c877a7"""
nsomar,Guaka,361953281,"W/""55868ab1afca655e2788d491a9ae281baa9e906692b67fc7808e3aadfa9b4f49"""
nsomar,Guaka,361941380,"W/""c5443de1e6e18a1791a7ddf6b8cfb5a2148ccb40e456e7d6ec09fdedc4119a0c"""
nsomar,Guaka,360043685,"W/""2a78e5fbec4b807473829e9dde6f7e9006b79a94ba90a4ac400fa560748e7a07"""
nsomar,Guaka,360003575,"W/""a8c5a06d14b34535e9cdb4edc7b5a0d356a52028f945d72441eb9513600bc44b"""
nsomar,Guaka,359712131,"W/""304733120219c34fc7fe1dd60e473269758bb1f5eb20dccdd09192f877ac428f"""
nsomar,Guaka,356277979,"""3acd04d9c2d317e08a9b3a7a74e78273cec9f0529b68d82e38a6cd90b261cb96"""
nsomar,Guaka,352598181,"""3acd04d9c2d317e08a9b3a7a74e78273cec9f0529b68d82e38a6cd90b261cb96"""
nsomar,Guaka,351430040,"""3acd04d9c2d317e08a9b3a7a74e78273cec9f0529b68d82e38a6cd90b261cb96"""
nsomar,Guaka,351179612,"""3acd04d9c2d317e08a9b3a7a74e78273cec9f0529b68d82e38a6cd90b261cb96"""
nsomar,Guaka,273194359,"W/""68fae6f4e1623417b3a7818f0780f6f28c36011f9c111ceddbe815bfbd82c5a3"""
nsomar,Guaka,273189406,"W/""2f9345628ef12425190f5dab4884b2950a092d8ba5da380b1a24fccebb9f53f5"""
nsomar,Guaka,261001985,"W/""5d956b4475bc853256161ba3a64751c2464d983d321a9556a3f000a06b2c75c5"""
nsomar,Guaka,225412821,"""3acd04d9c2d317e08a9b3a7a74e78273cec9f0529b68d82e38a6cd90b261cb96"""
nsomar,Guaka,223591799,"""3acd04d9c2d317e08a9b3a7a74e78273cec9f0529b68d82e38a6cd90b261cb96"""
nsomar,Guaka,216034219,"""3acd04d9c2d317e08a9b3a7a74e78273cec9f0529b68d82e38a6cd90b261cb96"""
nsomar,Guaka,211373881,"W/""21dcab5c1f9e5af6555ee156d545934ff30eca334b5f2e45c717ece35c6fa9ff"""
nsomar,Guaka,205802004,"W/""c666379c90cdde412679d09ef0991a7aff70188a4811e15f01b0c3d5cba6d01e"""
nsomar,Guaka,205741623,"W/""8d0240892fd89fe3b047a26e604be45552755422ff0b65df7dcf9b92aa2ddda7"""
nsomar,Guaka,205417238,"W/""36714b870a361542e272447e7229fc2ef65426e4a048852f59210ee66c7c7fa3"""
nsomar,Guaka,205379383,"W/""42bf20f39be05e502368dc5b5da47c8f8539c03e862dde7f21b7a9e77a739de9"""
nsomar,Guaka,205334113,"W/""2c7c35758c77a057ad5a6a93a3d85e7a51a87f23fd3b004352a3ee072c701db4"""
nsomar,Guaka,205232208,"W/""0022065efba7fc0ad59667abc98f9d73b919627f2b21eb95609b04cf0c976763"""
nsomar,Guaka,204735025,"W/""a6b0de9421be3093426b0c5c5c5a7d7bed18d93fe714f4809886c82aab2ecb5b"""
nsomar,Guaka,204683457,"W/""8eabeb816dcf14be80959adfc2eb85c545e4b033a5094370e0d420d4eb7a3639"""
nsomar,Guaka,204595956,"""3acd04d9c2d317e08a9b3a7a74e78273cec9f0529b68d82e38a6cd90b261cb96"""
nsomar,Guaka,204385733,"W/""090a253a8cfb588d549a6aa128d64a49cc98a263f61411aac908806557de3d63"""
nsomar,Guaka,204149217,"W/""bf5b9b153792bae9c5999f55d490afed66466b480d85f40c8f4799317bf79d48"""
nsomar,Guaka,204124899,"W/""3b1a348188db063362508cefa2d35c56d1a50aef05913e7579d58798756c4746"""
nsomar,Guaka,203977758,"W/""4b46a3f2b3d6949946062c20c765cdc53a3f5516eec313197d45253a862fd880"""
nsomar,Guaka,203975177,"W/""a6e59ea8da77e058187fa43068b00b89522f1bbadf0926cc9e4ef36b382ebc32"""
nsomar,Guaka,203842470,"""3acd04d9c2d317e08a9b3a7a74e78273cec9f0529b68d82e38a6cd90b261cb96"""
nsomar,Guaka,203841789,"W/""b386539544a084be64ba170397e925c896b7bf2b2bad2b0a62796c16aaebdb8e"""
nsomar,Guaka,203840607,"W/""c6617983e724e289b4a63ac36b8cb14075b590005acd1a6453ae7b6c003c5b9b"""
nsomar,Guaka,203836024,"W/""e054f5bf26ee9e8515893ebde9a3951e5274851fc9574917a36cfbfbcd7b3cf8"""
nsomar,Guaka,203817010,"W/""f41792d77dd2e052cd9168122712b20b4c2a745fbe1a9cace4677f7471a886d5"""
nsomar,Guaka,200906957,"W/""8b3fae6b97894171f80fbbada774e98c9d833e0063a1f1cb8e49acbf7010a941"""
nsomar,Guaka,200600482,"W/""804ede2aacb7af3b4be4fee73113c095ab337c697dcd8e87e148fe6c0cfa7e83"""
nsomar,Guaka,199961036,"W/""de090eb1ef21b64e3bba6727e48ffa0a8d055ad9148e938703eaba91ea75fb6b"""
nsomar,Guaka,199961022,"W/""4c5ead690f7eb99ec6e3fcc52f02d747552e53bf17f38ef1a5d140a37a60bd71"""
nsomar,Guaka,199817796,"W/""07535fbc83348669941de9e10207bfedafb3e0fbff9ad3c09c01a69066d2b4c1"""
nsomar,Guaka,199708878,"W/""ce1cce1760041de2a7cced4f358547e96dc2e4f6f416d58268bd2a6294864fae"""
nsomar,Guaka,199700417,"""3acd04d9c2d317e08a9b3a7a74e78273cec9f0529b68d82e38a6cd90b261cb96"""
nsomar,Guaka,199395752,"W/""92277deeeffb16dff05ea2e7c9efcfe36faa720933148aa91e3f658fa12f86e9"""
nsomar,Guaka,199392014,"W/""cb905594e90c8a67e167a02b6ce8c999898f92aa7d19c6b28a883a21fc72349b"""
nsomar,Guaka,199155165,"W/""9e5336a0546e4a9f178daa8ba8a0798fa965bfb1761e9d4b46c009aea42696f0"""
nsomar,Guaka,199155095,"W/""7b4c57b2b0a548c6024f44beb902928f20c5e277b8219de47ac86247d5a86d13"""
nsomar,Guaka,199154693,"W/""9258cb5ee87930bab67e921f4293bd4de74389dc9a308535d0e6e21485d92eeb"""
nsomar,Guaka,199154268,"""3acd04d9c2d317e08a9b3a7a74e78273cec9f0529b68d82e38a6cd90b261cb96"""
nsomar,Guaka,199154209,"W/""4e1c544327ee0ea3fdb428c5d7fe5d2e57d5ef6ade98c093936a31dc3e416863"""
nsomar,Guaka,191880584,"""3acd04d9c2d317e08a9b3a7a74e78273cec9f0529b68d82e38a6cd90b261cb96"""
nsomar,Guaka,191834890,"W/""e09b2a1006f4635a4053f7b052f8a227ec8450d879792c599d8f57b42b4bb0de"""
nsomar,Guaka,190532090,"W/""b54a8a83eb8540dda72880a2f3472dd7965ba292bdfc301fd4990b7bfa816cdf"""
nsomar,Guaka,190504550,"W/""8b5b6886c885e242d27082f19af5661c8b4bfc1b20a2d4dbdabf6de5dc10ca7c"""
nsomar,Guaka,188943874,"W/""7706fec5f1bc19a0735c86befe371ee97b0efebdb9a5859a981c31614b506d10"""
nsomar,Guaka,188934284,"W/""33fe8b77f681a92f92fe869e9bd67604a6b3922862727dec6b3ce2d1c2b84c50"""
nsomar,Guaka,188915735,"W/""281f64db816f910164e3168dd145c40572d480651a63fa009a47e0262734ef7d"""
nsomar,Guaka,188908713,"W/""a08e7b6a8e25d80482a90dd6db251e04e178438e14b2d30a2ab4e54068f4575e"""
nsomar,Guaka,188643278,"W/""5f18ceca57ac658a240b34f2c65c19b2837ecc5aa97a83e3e8f92eed8444fb9d"""
nsomar,Guaka,188398971,"W/""40ccf060476f724749d04952e49da3edd108db4e7a470e891e0784db8a3cacac"""
nsomar,Guaka,188366152,"W/""d67b4419a3457d1650062bd88d1bf378cc3fa18ed28ec7eb14b3e30913a75aef"""
nsomar,Guaka,188343279,"W/""4b7057b3549ab9a97b7dbda9f25e89ea1d5a4d4f358be75ef5fd664de007774a"""
nsomar,Guaka,187866000,"""3acd04d9c2d317e08a9b3a7a74e78273cec9f0529b68d82e38a6cd90b261cb96"""
nsomar,Guaka,187843396,"""3acd04d9c2d317e08a9b3a7a74e78273cec9f0529b68d82e38a6cd90b261cb96"""
nsomar,Guaka,187830696,"""3acd04d9c2d317e08a9b3a7a74e78273cec9f0529b68d82e38a6cd90b261cb96"""
nsomar,Guaka,187820238,"W/""6ca2230648e0f446c8c5bc3b8f8c397f78aae513705194fa826296ce7791a4ae"""
nsomar,Guaka,187581109,"W/""31604fe93b12a6d266815a6c6b492711df8adc4c440d5465f34bd0c216d62a14"""
nsomar,Guaka,187574114,"W/""2ca97ba3638303019fe165505e83a2110865abdd9da71610a81c55b0528a603b"""
nsomar,Guaka,187573323,"""3acd04d9c2d317e08a9b3a7a74e78273cec9f0529b68d82e38a6cd90b261cb96"""
nsomar,Guaka,187573070,"W/""7161a202eefe84a5e9aba8f918d6617d97f57b306f32685cc5b8c5c4e8c2e2dc"""
nsomar,Guaka,187572659,"""3acd04d9c2d317e08a9b3a7a74e78273cec9f0529b68d82e38a6cd90b261cb96"""
nsomar,Guaka,187572556,"W/""2a6809a458dce1a248c8d5d41b715accd2bb6e2f4d7912ec0fa79a393f481328"""
nsomar,Guaka,187572459,"W/""77791617843e3f69f234fa2a3e7c7438006c05751ffe280cb89d5cb60a95118d"""
nsomar,Guaka,187572387,"""3acd04d9c2d317e08a9b3a7a74e78273cec9f0529b68d82e38a6cd90b261cb96"""
nsomar,Guaka,187572365,"""3acd04d9c2d317e08a9b3a7a74e78273cec9f0529b68d82e38a6cd90b261cb96"""
nsomar,Guaka,187572355,"W/""21e03e861234b6dcf5852e18e30bcd3cd45da844964c9a5e9eefe3eb5fdc01b2"""
nsomar,Guaka,187572337,"""3acd04d9c2d317e08a9b3a7a74e78273cec9f0529b68d82e38a6cd90b261cb96"""
nsomar,Guaka,187572278,"""3acd04d9c2d317e08a9b3a7a74e78273cec9f0529b68d82e38a6cd90b261cb96"""
nsomar,Guaka,187572249,"""3acd04d9c2d317e08a9b3a7a74e78273cec9f0529b68d82e38a6cd90b261cb96"""
nsomar,Guaka,187572169,"""3acd04d9c2d317e08a9b3a7a74e78273cec9f0529b68d82e38a6cd90b261cb96"""
nsomar,Guaka,187572090,"""3acd04d9c2d317e08a9b3a7a74e78273cec9f0529b68d82e38a6cd90b261cb96"""
nsomar,Guaka,187572066,"""3acd04d9c2d317e08a9b3a7a74e78273cec9f0529b68d82e38a6cd90b261cb96"""
nsomar,Guaka,187571977,"""3acd04d9c2d317e08a9b3a7a74e78273cec9f0529b68d82e38a6cd90b261cb96"""
nsomar,Guaka,187571923,"""3acd04d9c2d317e08a9b3a7a74e78273cec9f0529b68d82e38a6cd90b261cb96"""
nsomar,Guaka,187571780,"W/""ab9d383b79fa39c99e837ac408ec0c99f9bc17f4298a23141e7f3df9cd783784"""
nsomar,Guaka,187514948,"W/""6ab0596e20f81a5b01417f0d5cda124e632dc25c386b63206684ab513212e4e6"""
nsomar,Guaka,187513182,"W/""2ab351ae12c48631b912228ac9ab6036152594e5a632f67d5e57a9d020976ca1"""
nsomar,Guaka,187511379,"W/""414718b50e643ef48080d9566b7d33c07cd58fbcaca77484a201ad39cf2defd9"""
nsomar,Guaka,187504466,"W/""1d9b654ae7daf69a8e4f9bb3239616173b393769f6585b9d8a039f22081bef8e"""
nsomar,Guaka,187502042,"""3acd04d9c2d317e08a9b3a7a74e78273cec9f0529b68d82e38a6cd90b261cb96"""
rendro,easy-pie-chart,830921091,"""3acd04d9c2d317e08a9b3a7a74e78273cec9f0529b68d82e38a6cd90b261cb96"""
rendro,easy-pie-chart,773990371,"""3acd04d9c2d317e08a9b3a7a74e78273cec9f0529b68d82e38a6cd90b261cb96"""
rendro,easy-pie-chart,757711493,"""3acd04d9c2d317e08a9b3a7a74e78273cec9f0529b68d82e38a6cd90b261cb96"""
rendro,easy-pie-chart,639606102,"""3acd04d9c2d317e08a9b3a7a74e78273cec9f0529b68d82e38a6cd90b261cb96"""
rendro,easy-pie-chart,503450188,"""3acd04d9c2d317e08a9b3a7a74e78273cec9f0529b68d82e38a6cd90b261cb96"""
rendro,easy-pie-chart,424590013,"W/""edb79aa8e771ec44a71a26577e5cefb3e4baaf01bd29842e2618592cb52fdde7"""
rendro,easy-pie-chart,399942729,"W/""4beedfaa6cdadc9ff41739fa5279d4d7ff76b542df9b27e1263ff3624666406e"""
rendro,easy-pie-chart,370313473,"W/""a0be9a2a1a4b190d0974fda12cf521d61ce939505e130c475bde828b612168aa"""
rendro,easy-pie-chart,325496833,"""3acd04d9c2d317e08a9b3a7a74e78273cec9f0529b68d82e38a6cd90b261cb96"""
rendro,easy-pie-chart,323954545,"W/""299c3aa70b8eae80c924ae7dabe9c96fd3b700457caebdcedd87820232ce644d"""
rendro,easy-pie-chart,293476667,"W/""d009a978d0c3e9df8cdc035b8ee3c2fc50c20433ba7bf66ad0101e43b965e572"""
rendro,easy-pie-chart,291846222,"W/""87cac3691058b682507d6579e68e1d7421427de73f597dc16b7beb9cdc1a4fd5"""
rendro,easy-pie-chart,273128589,"W/""91b382d0cfbad1c11c905b24de9026a12f1acc6f1f83c6fcd27ac924275f813e"""
rendro,easy-pie-chart,273050901,"W/""c12f8732150f402350a1e20d33b1ffabf4bb2b37961dd316f46f09d8d26df789"""
rendro,easy-pie-chart,272097515,"W/""69021b55fd572b97b62f5b17de8ee023007f6fccf9461cd4eea75d435a674893"""
rendro,easy-pie-chart,267351777,"W/""2aa9553e24f0fa7e056678f08d853a39ffc8882d405a7b2810987842acb559e7"""
rendro,easy-pie-chart,263148864,"W/""b8fbc2ffcec07d667ff62f69c6d7874a4caf1eefb00fc0a9a808c0db0558592c"""
rendro,easy-pie-chart,242552041,"""3acd04d9c2d317e08a9b3a7a74e78273cec9f0529b68d82e38a6cd90b261cb96"""
rendro,easy-pie-chart,230381723,"""3acd04d9c2d317e08a9b3a7a74e78273cec9f0529b68d82e38a6cd90b261cb96"""
rendro,easy-pie-chart,224444269,"W/""15a1000115c4d4c1bfcaf97ec5889f0e1607ae91afb759e8c0777d6854b86c6a"""
rendro,easy-pie-chart,219806138,"""3acd04d9c2d317e08a9b3a7a74e78273cec9f0529b68d82e38a6cd90b261cb96"""
rendro,easy-pie-chart,211275761,"W/""bcd1004613129d31d1818a1a301cc858b5f7526454a44fcf52f0960bb3d6efc3"""
rendro,easy-pie-chart,203892070,"""3acd04d9c2d317e08a9b3a7a74e78273cec9f0529b68d82e38a6cd90b261cb96"""
rendro,easy-pie-chart,202383762,"W/""25edfb9ebe88a715e520a3585535cc8c81d4c628343a4b7425f3797ae25d1329"""
rendro,easy-pie-chart,198919832,"""3acd04d9c2d317e08a9b3a7a74e78273cec9f0529b68d82e38a6cd90b261cb96"""
rendro,easy-pie-chart,197683838,"""3acd04d9c2d317e08a9b3a7a74e78273cec9f0529b68d82e38a6cd90b261cb96"""
rendro,easy-pie-chart,193391032,"""3acd04d9c2d317e08a9b3a7a74e78273cec9f0529b68d82e38a6cd90b261cb96"""
rendro,easy-pie-chart,193317424,"W/""736458f553f91935ec028e6126fd1f4390e14ac9f7789f67bc80ab51267819da"""
rendro,easy-pie-chart,185027776,"""3acd04d9c2d317e08a9b3a7a74e78273cec9f0529b68d82e38a6cd90b261cb96"""
rendro,easy-pie-chart,185022770,"""3acd04d9c2d317e08a9b3a7a74e78273cec9f0529b68d82e38a6cd90b261cb96"""
rendro,easy-pie-chart,182244846,"""3acd04d9c2d317e08a9b3a7a74e78273cec9f0529b68d82e38a6cd90b261cb96"""
rendro,easy-pie-chart,180010505,"W/""083cf7fe8e55fac8a3dc9c16b005ef6e15ddf142bf06db2b7793deb47a31f9c4"""
rendro,easy-pie-chart,178104494,"""3acd04d9c2d317e08a9b3a7a74e78273cec9f0529b68d82e38a6cd90b261cb96"""
rendro,easy-pie-chart,177659750,"""3acd04d9c2d317e08a9b3a7a74e78273cec9f0529b68d82e38a6cd90b261cb96"""
rendro,easy-pie-chart,169380449,"W/""7590b23773792f9cb7ead272ace18b543c9b0679711a747c794704733fec6247"""
rendro,easy-pie-chart,161584146,"""3acd04d9c2d317e08a9b3a7a74e78273cec9f0529b68d82e38a6cd90b261cb96"""
rendro,easy-pie-chart,161476515,"W/""881ae438aa9a39a9a0615c775cd7cbf700a3b8005de508553c984f74be1cf386"""
rendro,easy-pie-chart,160608956,"""3acd04d9c2d317e08a9b3a7a74e78273cec9f0529b68d82e38a6cd90b261cb96"""
rendro,easy-pie-chart,160287735,"W/""f92f83c76ba2dd2b6f94a29975df4d2ff81710718e75f1fefde86dd239aa611d"""
rendro,easy-pie-chart,159371455,"W/""fdcac11746f8bec8c9066ecea63666462ba815ac68356c2a500c82f5134dff9f"""
rendro,easy-pie-chart,143781613,"W/""ad22fff4ef79b734d9ef184f5ed935bf43e3c87ee799f1c5f6f38a36b3776608"""
rendro,easy-pie-chart,142714907,"""3acd04d9c2d317e08a9b3a7a74e78273cec9f0529b68d82e38a6cd90b261cb96"""
rendro,easy-pie-chart,130680223,"W/""64f006a3235697fab55a954376fbed26b0a716151287f942754e56008b290814"""
rendro,easy-pie-chart,129598614,"W/""fc9caddc9f029a5fe76c8a54e4b5a4988e47e5d29019d02a6aab1f476d604e98"""
rendro,easy-pie-chart,128983330,"""3acd04d9c2d317e08a9b3a7a74e78273cec9f0529b68d82e38a6cd90b261cb96"""
rendro,easy-pie-chart,128291333,"""3acd04d9c2d317e08a9b3a7a74e78273cec9f0529b68d82e38a6cd90b261cb96"""
rendro,easy-pie-chart,127977915,"W/""1d7fdd8e9d7f487c9dc58582293be3aa14e77408038ad848eb4122652b314f28"""
rendro,easy-pie-chart,122567759,"W/""01fb49e364099635c7e82a2a5b792cfe29345428a77e75d29bea4985899e85e3"""
rendro,easy-pie-chart,117316850,"W/""14bbfde43eb71b13304989de9e82ee22b029669ac4103a56c51af40164c9b9d1"""
rendro,easy-pie-chart,115093392,"W/""ff0f4619ceff090a847d2392caae879e94720c8a9519f0959a14a179bf02d854"""
rendro,easy-pie-chart,113761996,"W/""e2743d679f6efdd17cad1e272afa938ce572321a51c62a90d35b82f59899ea43"""
rendro,easy-pie-chart,110496443,"W/""4a3a9f6d4a1454cb33afe3c9c24e5365092077853ee2d4d6eb57ea7412b98a56"""
rendro,easy-pie-chart,109851835,"""3acd04d9c2d317e08a9b3a7a74e78273cec9f0529b68d82e38a6cd90b261cb96"""
rendro,easy-pie-chart,108193895,"""3acd04d9c2d317e08a9b3a7a74e78273cec9f0529b68d82e38a6cd90b261cb96"""
rendro,easy-pie-chart,106469350,"""3acd04d9c2d317e08a9b3a7a74e78273cec9f0529b68d82e38a6cd90b261cb96"""
rendro,easy-pie-chart,106356319,"""3acd04d9c2d317e08a9b3a7a74e78273cec9f0529b68d82e38a6cd90b261cb96"""
rendro,easy-pie-chart,106326254,"W/""724f5dace55386f67ab51b43c2aeb8528870fb43860cebd30e6bdf06deddba14"""
rendro,easy-pie-chart,105582605,"W/""4686c08a5fb1c4baecec7af3b8e73bf18cacd5817a2471fc8c4540b1dc6dac29"""
rendro,easy-pie-chart,104526594,"""3acd04d9c2d317e08a9b3a7a74e78273cec9f0529b68d82e38a6cd90b261cb96"""
rendro,easy-pie-chart,103129030,"""3acd04d9c2d317e08a9b3a7a74e78273cec9f0529b68d82e38a6cd90b261cb96"""
rendro,easy-pie-chart,101759548,"W/""d56851c744301f05a2deb0ae57870d8df2e5cc24ec81f837c4308a003d1c50aa"""
rendro,easy-pie-chart,100772496,"W/""443244f3cda67a29f90df7f9d11026b35efe48d73878d44feb307dc9e5ecf0cd"""
rendro,easy-pie-chart,98492193,"W/""6eb361f86e3697ac9881e2c341f734c55d8dfd4355eb9cadff245f6a85554e45"""
rendro,easy-pie-chart,97988555,"W/""ff36fc914786ae6bfe1066bb415e1db58519fed104bb884f9bfa90fef04eeca1"""
rendro,easy-pie-chart,95159407,"""3acd04d9c2d317e08a9b3a7a74e78273cec9f0529b68d82e38a6cd90b261cb96"""
rendro,easy-pie-chart,95144894,"W/""33ad8511ebca917e6cb8db5b9194f2bdd41fc3ce7a1057a6f8ea991e77bef972"""
rendro,easy-pie-chart,94941703,"W/""05b05cf6a3d113ca8ec5de21c2b390a130df2787a62fad4eb868ccc895a95ce1"""
rendro,easy-pie-chart,91040676,"W/""633ef5dc757e7955deb69ab191e7fb0a86a8fa6ae55a5d50c6f607ffc1280fc6"""
rendro,easy-pie-chart,85499212,"""3acd04d9c2d317e08a9b3a7a74e78273cec9f0529b68d82e38a6cd90b261cb96"""
rendro,easy-pie-chart,82786853,"W/""03da65571018bd70af53d01c6a33eba741592b93866c66f95f5455c55bd21d52"""
rendro,easy-pie-chart,82116795,"W/""cbd4a160e519cd2e425259600b981b8e362d42ac07f2957675bc0ed659fea1a2"""
rendro,easy-pie-chart,82110712,"""3acd04d9c2d317e08a9b3a7a74e78273cec9f0529b68d82e38a6cd90b261cb96"""
rendro,easy-pie-chart,78994611,"W/""521aa031137aabb5489793be4e052dc0d0bcc0548506a142f3fa730e7f0c100d"""
rendro,easy-pie-chart,78554442,"W/""0a5bacb7dff17fdc0cdbd16a25a20d5ce891629de43816fd4506dc88935b36b0"""
rendro,easy-pie-chart,70731188,"W/""eb5a4f9fa7279d77d6f4fd4495760ddc26688d8a55cc8deaf2ea4f04603161b7"""
rendro,easy-pie-chart,70169270,"W/""6f075c2e40c14c913c30d95b5b95afa319a2a096a492bc0a074df57eb7ea278e"""
rendro,easy-pie-chart,68984575,"W/""361470325170178a0bd7d9e5f6a5d1f033a7988ac15448ac752478ed60600a2a"""
rendro,easy-pie-chart,68168843,"W/""991c2b790658ca5a18f383ff2d33fc270807b61a2d24c0cd4a5fbf18c684084a"""
rendro,easy-pie-chart,67955278,"""3acd04d9c2d317e08a9b3a7a74e78273cec9f0529b68d82e38a6cd90b261cb96"""
rendro,easy-pie-chart,66950715,"W/""f83160c7389c7304b591a840d3be86a926044711535b47d8f50f02fd4924a49b"""
rendro,easy-pie-chart,66929017,"""3acd04d9c2d317e08a9b3a7a74e78273cec9f0529b68d82e38a6cd90b261cb96"""
rendro,easy-pie-chart,65945702,"W/""2f989eb369032efe0ea06d330ae5f9172c5fca5c1b47bec014c1fe0c8e111cef"""
rendro,easy-pie-chart,64030259,"W/""6ab245154a84507faed5eda26d70894e4adb91cc854cbcca0e3913ecb92cc3d6"""
rendro,easy-pie-chart,60788208,"""3acd04d9c2d317e08a9b3a7a74e78273cec9f0529b68d82e38a6cd90b261cb96"""
rendro,easy-pie-chart,60314255,"""3acd04d9c2d317e08a9b3a7a74e78273cec9f0529b68d82e38a6cd90b261cb96"""
rendro,easy-pie-chart,58418923,"W/""0914bddec08f5aea25fdbe49f5856301231a267c55885c0b97e0657d57e0c599"""
rendro,easy-pie-chart,58391490,"W/""8b8e40cdf45e46cd34966785d95e156770cb175d7ddb9bce87f3237e18e7afba"""
rendro,easy-pie-chart,58355496,"""3acd04d9c2d317e08a9b3a7a74e78273cec9f0529b68d82e38a6cd90b261cb96"""
rendro,easy-pie-chart,57544459,"W/""3de563888a281e8a95644ddcf524c807c9eff17f4a37e349d33d110f7b965efb"""
rendro,easy-pie-chart,57355981,"W/""6bfee905be4fc2b279fe252c917e87bee4f7aa9107cd8e247dee1f4d540e7d74"""
rendro,easy-pie-chart,56064118,"""3acd04d9c2d317e08a9b3a7a74e78273cec9f0529b68d82e38a6cd90b261cb96"""
rendro,easy-pie-chart,54109940,"W/""1bd8061970a03c25b5a252dec447099bb92cb822b617fc52c0a749f23d8c60bb"""
rendro,easy-pie-chart,54109323,"""3acd04d9c2d317e08a9b3a7a74e78273cec9f0529b68d82e38a6cd90b261cb96"""
rendro,easy-pie-chart,53004925,"W/""79786e39873e83ba6b1bf17791c6cc94f36cf9e26de00662399f071052a65a09"""
rendro,easy-pie-chart,52980140,"W/""33f0442e0fdf0a7a9fa57dc0c5830ebc4d79ef12610b168a6da297b68ecd1965"""
rendro,easy-pie-chart,52977004,"W/""ba640eefa12aca1fd4de1cfbb4c8dcd8f72edb53142eb4f042cb5848e201b7dd"""
rendro,easy-pie-chart,52963353,"W/""c718bb55086a486260c49f9c8ff1dc19b80e6dac0f996ba882ee4d9a6b08a86f"""
rendro,easy-pie-chart,52403763,"""3acd04d9c2d317e08a9b3a7a74e78273cec9f0529b68d82e38a6cd90b261cb96"""
rendro,easy-pie-chart,51814280,"W/""3f3e54c195725563d462f3d2f3f15bc6141b1cae676cdd1a16f729bed6e0a19b"""
rendro,easy-pie-chart,51585168,"W/""2c6fc4d36f910bb3ca1213263197faa2df1569b5ca42d1575af7d26b3ffb2b5a"""
rendro,easy-pie-chart,51212089,"""3acd04d9c2d317e08a9b3a7a74e78273cec9f0529b68d82e38a6cd90b261cb96"""
rendro,easy-pie-chart,48208344,"W/""015d49adbccba77a203006aa5f9c751bf20439d1755c6ef60ef053f0dbebee03"""
rendro,easy-pie-chart,47326577,"W/""7159943d1d4f178a2c4077f5ab7598ea44b7a0e8cc13c8511ba4913971905ebc"""
rendro,easy-pie-chart,47147425,"W/""429a9d00fd0a86a9e055037924be60c5a5fc3e94b13a5d4878390c98d0f4d791"""
rendro,easy-pie-chart,46954480,"W/""5e7a3a06ac73ae1f3372935b9890879a6aad3effafa961d770dd0d00f6053399"""
rendro,easy-pie-chart,45665526,"""3acd04d9c2d317e08a9b3a7a74e78273cec9f0529b68d82e38a6cd90b261cb96"""
rendro,easy-pie-chart,44377503,"W/""134644281c578b8baa5e065eb806c1e1b94f80ec71d5bfdf7b85db62aeefa0e7"""
rendro,easy-pie-chart,43311102,"W/""da25a9540a4505c783cc98e5def03430ad183ac57aa298a03107f173048c3b96"""
rendro,easy-pie-chart,43122554,"""3acd04d9c2d317e08a9b3a7a74e78273cec9f0529b68d82e38a6cd90b261cb96"""
rendro,easy-pie-chart,42890162,"""3acd04d9c2d317e08a9b3a7a74e78273cec9f0529b68d82e38a6cd90b261cb96"""
rendro,easy-pie-chart,42404591,"W/""9cc56dabb7b11ac9474fa4517a3c5326f3a39ebe984a3d12821087f8f3811456"""
rendro,easy-pie-chart,42309044,"W/""79f3b66fd55d8b37e5adf659aba00c6ccf576cd49239558f12701411c6a19532"""
rendro,easy-pie-chart,41802623,"W/""132b7d0e11154e1b4824521491a5d32ad21fc588ee7e9a302b7957e78a11ba1b"""
rendro,easy-pie-chart,41745435,"W/""3ffcc6669fe307cca4e1614ee4ee2bc3b7598003e82b38ce8014eb0af67cd60f"""
rendro,easy-pie-chart,38244015,"""3acd04d9c2d317e08a9b3a7a74e78273cec9f0529b68d82e38a6cd90b261cb96"""
rendro,easy-pie-chart,36572282,"W/""51e315040bbaa7ed6177891f7ca3bf2b4a865f668e70c463f04f08b89ebd6ab5"""
rendro,easy-pie-chart,36424750,"""3acd04d9c2d317e08a9b3a7a74e78273cec9f0529b68d82e38a6cd90b261cb96"""
rendro,easy-pie-chart,36362945,"W/""599dadfaf64913e40262e16b1efeda9149a9429f55ffa1b1729b47a5751c4a03"""
rendro,easy-pie-chart,34949054,"W/""4c18f0269eabc75c26e6d0c731658317814de80fcb261f56ff799ef53123fde1"""
rendro,easy-pie-chart,33741145,"W/""ea9517146ed1fd6cab90a7ca0d86a356b2fe022b4989a6e7b1da93ddd73a730e"""
rendro,easy-pie-chart,32897045,"W/""646fe1df3f91bffec27ca4a05852daedf65878e7d0378efd057e4069220bc321"""
rendro,easy-pie-chart,31486640,"W/""f200a0bc5fb71b12d69fa7349c419a1daa53525f4c8886f3b2f0d1b7269eff01"""
rendro,easy-pie-chart,31395188,"W/""aabfd5de3f499e3ee4431cda524f2bbe7c82c8c07c9d42df24c2e7032de78860"""
rendro,easy-pie-chart,30700436,"W/""a29ebd8926211cea0021afb92b830c9601541df2612de014c25b78170d390b70"""
rendro,easy-pie-chart,30409585,"W/""8896004f703654e4597f85d73ee859032bd108fc69df48ce240cd8ac7db271d2"""
rendro,easy-pie-chart,30315248,"""3acd04d9c2d317e08a9b3a7a74e78273cec9f0529b68d82e38a6cd90b261cb96"""
rendro,easy-pie-chart,30314979,"W/""206f1ebc381b5beb0c00921ae8c482e9e3767a39757bdb82538a750023648ff3"""
rendro,easy-pie-chart,29721360,"W/""3a94eb51364fd7f11ba49798f6e4a0b854cdea232148d624e42a54fdf407cd98"""
rendro,easy-pie-chart,28710976,"W/""3b18ee39e41e0021ec1d1f094df777ff8b6619cf8d15b856e9462db29b8d5485"""
rendro,easy-pie-chart,28678160,"W/""1af707662b5bc6eeb299ae3109c23456dffaba59fcf6952704497c6474cf95b9"""
rendro,easy-pie-chart,28598315,"W/""902ec2bc40d844409820abb0905e18394c74e41134d8bf432e8b5e815c476260"""
rendro,easy-pie-chart,28443168,"W/""46b912e5911524f1ec0efdb0d4493e24d3c4bb8ea6713398bf548e14407b22ca"""
rendro,easy-pie-chart,28436525,"W/""0c27299cfc9b74f3ecfbd936167d632042d45f846709d17480003642470ddb31"""
rendro,easy-pie-chart,28434985,"W/""eaa2c776efb2d56fa7fa48791afe192b9364ea9b8898daa79b713cc1b22d6c8e"""
rendro,easy-pie-chart,27075456,"W/""5eccf0d84a88f4e3018d9517ca0dfee766edc296ecc2635ef8fbf617a8bdb9b4"""
rendro,easy-pie-chart,26724516,"W/""7c427e5ff8ee2dca4d57ce78d9e5475837ef4362fc0bfdb985af898b54fff3c6"""
rendro,easy-pie-chart,26621044,"W/""2364353ea0692afa8c5ab782107714941bcd882a89c8a2930f7942d306b9afce"""
rendro,easy-pie-chart,26575747,"""3acd04d9c2d317e08a9b3a7a74e78273cec9f0529b68d82e38a6cd90b261cb96"""
rendro,easy-pie-chart,26575581,"""3acd04d9c2d317e08a9b3a7a74e78273cec9f0529b68d82e38a6cd90b261cb96"""
rendro,easy-pie-chart,26283730,"W/""d1cebca000cb5354e3a1efce34eb5112e2c7c223a613b100ecd87af4b8bba378"""
rendro,easy-pie-chart,26157676,"W/""80a510a3222287ecc39663f248c7b17615747956a052ab1976e7dc39c5b77fa9"""
rendro,easy-pie-chart,26046674,"W/""be91d1cf69b2f720d68401b9f513ebbf4a14a98f1153aa326106b4fc583b3906"""
rendro,easy-pie-chart,26044458,"W/""be1889e16000e805ae75d55027f9f7207fd9630ade20837ee194eecd0cd85276"""
rendro,easy-pie-chart,25844674,"W/""7c79a54dea1726a23052aa30c0dda6058d8a3ab2cf072a4f07cf48ef70038de6"""
rendro,easy-pie-chart,25648385,"W/""1c483e3e3232e6133e4e9c993dafc22eb8a8ab04700ef31e65d16671ef0e12a4"""
rendro,easy-pie-chart,25570924,"W/""d240ae241aed5b79e86e4b2444a98c0ab25b8329d0b5b46134e745345ebe4b92"""
rendro,easy-pie-chart,25462482,"W/""5a67fc73fd24af68a13d441396e98c9a583304abf7981af89c1d9cae0de6f49b"""
rendro,easy-pie-chart,25330425,"W/""9c268e89bc4d9bfb9967aadd88a206b03d0d0d02c20c19dd0b9e8c8843aa5dae"""
rendro,easy-pie-chart,24781681,"W/""6fc41dd8e233f647a9ce070e297e37b1c7eaffef461b0ec0fd855d297486fe4c"""
rendro,easy-pie-chart,24385809,"W/""edc3227b83b24fe245c6b1482cedb662b59af5b04e700378db9c83d1794228fe"""
rendro,easy-pie-chart,22952006,"W/""011c4aefb371f24591c055e8ce037f5b59b85fcd50058465e08a8de772bf250b"""
rendro,easy-pie-chart,22597910,"W/""487167d03bdc4dc2ed40a2d0f34fdeaa5dd849cb9d030d240f86fe779a8e7a7a"""
rendro,easy-pie-chart,22344373,"W/""35e44f1816ada7b1a554d68fd723763e366b5946b8183055bf0972ca4707db3c"""
rendro,easy-pie-chart,22329374,"W/""a04e8ff121d20a5a1b7009e71eda4276cfc4a21e5d2bb875857a0719108bbf53"""
rendro,easy-pie-chart,22254724,"W/""db6e6a70ce92729fbcd7befead01cf6cdc9017060ab337d084aa63d1a5a10300"""
rendro,easy-pie-chart,22161268,"W/""2c54e3cfcf47a08b461cecd924aa28f5fb0735e0dff9a23ef50468de58cce359"""
rendro,easy-pie-chart,21800125,"W/""4eefd5aa8394f16a6998d5d9f0db6c7ade35130421ce07aed4936eb3adae735f"""
rendro,easy-pie-chart,21662238,"W/""e12d6a5ead82c8ed21e4389f9e3b020ef13cb551f7cefcd92e208947cf31e271"""
rendro,easy-pie-chart,21648201,"W/""da55685708cc98309d5b885517ac87b785d591f760b9ed9aeb49ebf1d512b825"""
rendro,easy-pie-chart,21646163,"W/""15e8cc522533e2710269445a313b0622d09556c9ee69b0de756a31838c9e779f"""
rendro,easy-pie-chart,21607661,"W/""c5b983f06f58915ff798149b559e1b2213d1d80d693a2452e1bf39098286b461"""
rendro,easy-pie-chart,21224979,"""3acd04d9c2d317e08a9b3a7a74e78273cec9f0529b68d82e38a6cd90b261cb96"""
rendro,easy-pie-chart,21164738,"W/""a021d08c6130c797180251f3e01a9d4023e1124bcf1d4bc00a44e9e81f449dbf"""
rendro,easy-pie-chart,21066965,"W/""6750d5184ee30091b4b7e1e3a0bb47ae93bb9f7167d3fb5895fc0271b86d4849"""
rendro,easy-pie-chart,20911534,"W/""08bd0c1889cfbcea84cdc22dca9aa7a743fa30cb07098a9ab79bd96d05810dc5"""
rendro,easy-pie-chart,20908728,"W/""241e325fa565f13dbe956710fc5c20e8cb05f5865671957f2a0ca2136f6a0ca7"""
rendro,easy-pie-chart,20908566,"""3acd04d9c2d317e08a9b3a7a74e78273cec9f0529b68d82e38a6cd90b261cb96"""
rendro,easy-pie-chart,20848405,"W/""35c86a83e5eb8cc68ae9e805f2da5495f40d99faff2dfd43fc7f25e40d789246"""
rendro,easy-pie-chart,20800088,"W/""9627e0677cc333f27328b68bce065f4ea9d3f40c65d9c1989e402bd421742932"""
rendro,easy-pie-chart,20795303,"W/""ea2ab67ef68fbe5a6af90cf3b0c90ff176aa45acdaf132c3f7b735ef2240a47c"""
rendro,easy-pie-chart,20774804,"W/""20d50488ca7ffc09b7ed3cbdd5ffe27544f21297e69f5d78b77750fe291b425e"""
rendro,easy-pie-chart,19942864,"W/""08122e8a9d38450f47ca661a317f98f4f633a394c4c4b6742aaf017f0b183b3f"""
rendro,easy-pie-chart,19536299,"W/""52ac6bfc9caeff9871a1792ce26cc5ebc98137c05ca3d649ecbe21d3073b3890"""
rendro,easy-pie-chart,17658166,"W/""05d6bc41b78884fea23182cf5578c42d137bb3701903a49d26e6fb0331987df3"""
rendro,easy-pie-chart,17411103,"W/""8b17e8937f480d5f378033cfb2a0ccd3ae8bf9ab70dd770b4ab71b613b117aba"""
rendro,easy-pie-chart,17222281,"W/""5f66ef50c14fe1a77e6ba451df02c9aa8c2c100fa13061f88979d159650e7f6a"""
rendro,easy-pie-chart,17107444,"W/""d27dac1d0a55b9cc6b1ce257002ab3650023b4051ec399c14b408c3c1c48fa27"""
rendro,easy-pie-chart,16966500,"W/""79c351f1f8c7b8b99c2744b4dbffd320d26345c085eb8caa738da20b510bfd5f"""
rendro,easy-pie-chart,16862897,"W/""2930935af827a0e96064ce8e5a8bd11165921acd5c6ba23871e2cf259fcb3ae3"""
rendro,easy-pie-chart,16829208,"W/""ad70b99157acdb72682db544fda21dc08ee3cc1ad959107477dd6d984ccb1bf2"""
rendro,easy-pie-chart,16782953,"W/""1770cfb7624c376d5df614e204eb6d81df1bfeccf39bf33538f4dcbdb2ef1819"""
rendro,easy-pie-chart,16617519,"W/""80265b69d03e3d00832b1ddba15a28039e6c3a9c116da79849d156e2c3ef072c"""
rendro,easy-pie-chart,16616314,"W/""c7a5ddcbedf7ca65ad0fd0fe84f184322f0121a8c73386f0d3cb8503f76f9568"""
rendro,easy-pie-chart,16616266,"W/""4dae69c4118b168a1293e3d5adbf695a498d761335d9e2c73ae2f23afcdd4ffa"""
rendro,easy-pie-chart,16408282,"W/""7c9b7fb6a7d04fe9b9388f75646e49c61df358fbca7be3f4372785451d6fa8bc"""
rendro,easy-pie-chart,16001012,"W/""87cbd1081ad8a228ec311160e542965dc5c5dcef3c2dae6108f15032344e0982"""
rendro,easy-pie-chart,15785992,"W/""bea78bcff73e571db7a4aa1dd22fe60a7d2920c017de147fa77190e25d708a8a"""
rendro,easy-pie-chart,15753696,"W/""762538ed17a94bb85df3dca2f80f9d714e182a666e07cd48cd8264cb61955f42"""
rendro,easy-pie-chart,15736391,"W/""1681b2a11c9ea47338ff3b6691da96d2ff8db8f3c716c42ed02987638f37bbf6"""
rendro,easy-pie-chart,15563831,"W/""b349ab58c89f4278e003b6ab759a535aa3980c21a009c5bbc05af8509bf85f91"""
rendro,easy-pie-chart,15561634,"W/""b7b9b4bbcf1d92c9e2af69acd65d0b255cfcb67dd609017bcfa2596b10c6d30f"""
rendro,easy-pie-chart,15512040,"W/""ed006300e6adcefa7dc9be0d95e0c210fe27478282ddcdecafeb8a1c344ff4a1"""
rendro,easy-pie-chart,15355032,"W/""df1863f2493c568dc59436b628be8fd6e3054dc826c5fbee505a18a863694e8e"""
rendro,easy-pie-chart,15273622,"W/""1916c7b85229dd200cf98f40d06a76b7dd7fff50e5a304383d181cae5e5676e0"""
rendro,easy-pie-chart,14747352,"W/""9c9c13f1bd1a2fbf374db0545ccc4c6882e3371eb917e22933f27a8f144747e3"""
rendro,easy-pie-chart,13728681,"W/""17a8a745fad279b3d0ba163e49acf6b062f7ebda2e1389da7d2de4a441316988"""
rendro,easy-pie-chart,13473585,"W/""064991528119bcc37941715eaf0345657f7206d842d7013d7babb2765274415c"""
rendro,easy-pie-chart,12049611,"W/""5ce179f9ed6f3e63c49d170694b2505b9e3fa5f5fbd063ddd76f98f5628892f9"""
rendro,easy-pie-chart,12021352,"W/""40a5c7a02fb0409043462fc98b639bcd8563d0929151c4d87d7a6b7325d5b396"""
rendro,easy-pie-chart,10920379,"W/""2c8cdf8523ee7792dfe2ea723db14df0c5f622960a22d36f37f1ae19abc90884"""
rendro,easy-pie-chart,10865112,"W/""04951e6cd40ac70d12ad85437be9f689e80f173a10ea250d2c1da401f58bd002"""
rendro,easy-pie-chart,10773106,"W/""94f1af2b415aef354982ff66bfaf0c136ba74567d3f7f9c08b896285928ae81f"""
rendro,easy-pie-chart,10542764,"W/""d2850f40ccbcf83080adb1b751cb3a04a63a6145becad4354b521c34e8567c4a"""
rendro,easy-pie-chart,10498595,"W/""06825da697e83a039d9f2330d41e0211f1353839f49d5614ed3303f7dd528538"""
rendro,easy-pie-chart,10379310,"W/""37cdd341fd79bf3d4826605959357787d47990c352bed6c34bcac37708d9715f"""
rendro,easy-pie-chart,9887926,"W/""9dd2c5aeb4a75b3aa77bcf6ffc94135aaf363f48906123aeda883b5af846b0d6"""
rendro,easy-pie-chart,9700052,"W/""6468caf6f0647d6bf69b342fe98cfd9f7c8633fd2ab4dd9725b217c55bb2feec"""
rendro,easy-pie-chart,9190085,"W/""6ee4dfc490ddb3f76d6bacc7c54209f8c420cb1ac950b0d93b38b93c7618944d"""
rendro,easy-pie-chart,7377885,"W/""a3a398f91a7f7e20b6bbc915162ecb82a29ce69126d5dde5efde4d9aa54d3595"""
rendro,easy-pie-chart,5649805,"W/""5d1bc85525302fd1ffe00ce4ffd91f95ce026636bd8689aeca448cc46a1f5022"""
rendro,easy-pie-chart,5582979,"W/""3249194ab81539dcb240755d679d3d8adac2dbfb78adb91e08c10396f85ea70b"""
rendro,easy-pie-chart,5560433,"W/""0b2fd847aa0f7499e9ab7a0b2f9018ae04c138068d2ec8bb88839a43de905481"""
rendro,vintageJS,704350347,"W/""52daa0668d0ad6d0d237bdc95adb3e27f018562ad4eb288282207bbb453c531c"""
rendro,vintageJS,420446512,"W/""eacf744a7f4354b7bf6016cd236ab35b31925326f5fc1368d7cf799ac019ba7a"""
rendro,vintageJS,266529909,"W/""71bde1b68ba9e9fcea4b85c1260a328bd6734d85df07d167ad9745435f973637"""
rendro,vintageJS,251175530,"W/""bf174ff1c2757670c57b2469d36280160233f426de367eccd6e0e5908a8e1911"""
rendro,vintageJS,216663953,"W/""efd944f733aebe4e557a05b82ef1b485cef3d678196da0a3455c0591fdbda964"""
rendro,vintageJS,211993929,"""3acd04d9c2d317e08a9b3a7a74e78273cec9f0529b68d82e38a6cd90b261cb96"""
rendro,vintageJS,211910798,"""3acd04d9c2d317e08a9b3a7a74e78273cec9f0529b68d82e38a6cd90b261cb96"""
rendro,vintageJS,183731168,"W/""0917be6c3241b6c299fce6c603b0e94b3c6bcc8f25df8e2fedf92e06daab830b"""
rendro,vintageJS,169810597,"W/""7a56674df0acf678ccc7d72ddd2cc221954fcf28b277a06018149e1f48485732"""
rendro,vintageJS,155086562,"W/""48efee33e967613d9512089a3bd2c42dd86ec4c1cefa4f0e807fc0aa10e5a0e6"""
rendro,vintageJS,104140996,"W/""aa483febb4aa3290fa9e7a33c12018cfede5f05b408ae633a0cb64ea66ed3d31"""
rendro,vintageJS,70409723,"W/""c958d36b93265f339397a6957bf3481ee0fc5c77a3d7379ff73e8cbfa90f0c65"""
rendro,vintageJS,67942437,"W/""44ed856504026bfabfc6ef3e20f54e5d37c02d3ef689354a8c70d617a9d696a0"""
rendro,vintageJS,67940441,"W/""8fced8902f11abe6f8ba3d4387a3c45964aa22a6fd6a0b742e5e67e5f48257c6"""
rendro,vintageJS,64611375,"W/""b6b1150c39bf4486b6bcfffcbe353f15b96a445fcf0335e130fbe6af3fe83220"""
rendro,vintageJS,64600500,"W/""f7b0f960f6067a528a0c0535b0c459cf1964be38d6756fec2cb96051f7f7d747"""
rendro,vintageJS,62858868,"W/""2f1655f4478843e4bb5da1b6faee7debabe6d0877f80c41ad371624951554095"""
rendro,vintageJS,58124959,"W/""383cd70743eb3b509dc8ac1fe97f6e590cb066424ff0b5efa6ce27b591f760cd"""
rendro,vintageJS,48118384,"W/""1c2e7601c51b74c1c7322b0abd6aecfe1317b3a3d18b4641edfbc51357255ed6"""
rendro,vintageJS,47555729,"W/""17273385f997bf2bd610bc5c79fc7c0be745854042c6ea1a637e6e21e438ae04"""
rendro,vintageJS,46179425,"W/""dc6d29faf9b69c97afe7106fadc3e7f04a183ad1c49b43bb356795cca9730569"""
rendro,vintageJS,42166922,"W/""82388f97d53ea2e41891ac300d13f65e0125d5240dbf482715791a8bc8fa4995"""
rendro,vintageJS,41133940,"W/""4db591ac3e178963ecd131d0960e0cb42e1e782a12dc53cf50bdfc691fb30d65"""
rendro,vintageJS,40014003,"W/""dcc594d6f7be6b2e53d94632f9f17c465b3aed8c936e981429b6dc7ac5d2a123"""
rendro,vintageJS,26465792,"W/""35bc4ee8f012c73cc23ccb5a8e2e798c19e9344527ab23a9121cef707eb211ea"""
rendro,vintageJS,25888604,"W/""cb2112b9c69f886442a196a2f6eadaa42f2a13be72bd8df314d715ba5bc2f1d3"""
rendro,vintageJS,19628803,"""3acd04d9c2d317e08a9b3a7a74e78273cec9f0529b68d82e38a6cd90b261cb96"""
rendro,vintageJS,16029085,"W/""9ba6c22efc8db7a9e3126d980138f0474c9d48c73569fe3d59be7459f6aa747e"""
rendro,vintageJS,15339246,"W/""519c76459642eebaf91cfe949eebf271a7846ee1a7b4107dd8cd7a50b35035a1"""
rendro,vintageJS,14842184,"W/""bb1b20ea877d3adeb74dd53149fd3bc61f5923ca36ffce0168bbbfd2130af14d"""
rendro,vintageJS,12431612,"W/""c96e27e06993875b07352e1c2458b9f1c40c9f176f891d140c7570422d143069"""
rendro,vintageJS,11435830,"W/""dac4d68eb64c42e1a543375ef3dc4d55a9b82f8c1eba891ae8c09940c6129ee5"""
rendro,vintageJS,9388510,"W/""3de91efa4495e70fd0fa88f3f1e5040ffc95e59f6340a9488142705bc81a5fa7"""
rendro,vintageJS,8789983,"W/""b9455f89f1353e4fde19610fdd1ca264c597705ad4bd007d07e958243f15b0f9"""
rendro,vintageJS,6702321,"W/""97cd7c0c1c22680b515763e8714f71ee8771e7be07c48131bc7bee1f828db536"""
rendro,vintageJS,5857903,"""3acd04d9c2d317e08a9b3a7a74e78273cec9f0529b68d82e38a6cd90b261cb96"""
rendro,vintageJS,5299222,"W/""2513814373a75b7bee85d64515e6ea6e17fa6b567cddba82f6906219f3021c8a"""
rendro,vintageJS,5299190,"W/""aa5baec63a8376348fbf82f8546a46e40dcf803e1f11a5e664bcba67746cc9f5"""
rendro,vintageJS,4343568,"W/""08abb2d38170378cf18e9ef277f3728b165357bf0030284e68baf3250bcedaae"""
rendro,vintageJS,4157312,"W/""1a6aee0e98b23027c839f2add0424b2d1c6a6d457ceb37953cb745575030ddf5"""
soumith,convnet-benchmarks,339687132,"W/""4d5de8bb165568fcb7309ca6280110a146a100f9999d29188d88ffdc3f13509e"""
soumith,convnet-benchmarks,299796879,"""3acd04d9c2d317e08a9b3a7a74e78273cec9f0529b68d82e38a6cd90b261cb96"""
soumith,convnet-benchmarks,277035960,"W/""e8d3ef59cc25f0224668e8df9256b8e1c7c88f69525182f04e347f4d70b0d216"""
soumith,convnet-benchmarks,269487007,"""3acd04d9c2d317e08a9b3a7a74e78273cec9f0529b68d82e38a6cd90b261cb96"""
soumith,convnet-benchmarks,255593117,"""3acd04d9c2d317e08a9b3a7a74e78273cec9f0529b68d82e38a6cd90b261cb96"""
soumith,convnet-benchmarks,250551379,"""3acd04d9c2d317e08a9b3a7a74e78273cec9f0529b68d82e38a6cd90b261cb96"""
soumith,convnet-benchmarks,250551208,"""3acd04d9c2d317e08a9b3a7a74e78273cec9f0529b68d82e38a6cd90b261cb96"""
soumith,convnet-benchmarks,249441737,"""3acd04d9c2d317e08a9b3a7a74e78273cec9f0529b68d82e38a6cd90b261cb96"""
soumith,convnet-benchmarks,245644702,"W/""2ccb24ca60c659e226426bf22cd84010f934cd8503e0408dc880b405d8ffc833"""
soumith,convnet-benchmarks,234853985,"""3acd04d9c2d317e08a9b3a7a74e78273cec9f0529b68d82e38a6cd90b261cb96"""
soumith,convnet-benchmarks,224651324,"""3acd04d9c2d317e08a9b3a7a74e78273cec9f0529b68d82e38a6cd90b261cb96"""
soumith,convnet-benchmarks,221814098,"W/""e847073f853d08887a3a40950bff51755c81a66b0d12af69ac0c22e7b3a851fb"""
soumith,convnet-benchmarks,221357387,"W/""d1b90dcc15bf82a1f3e917d6a097dd8805090f51ab81e0ce1d74f4415685351d"""
soumith,convnet-benchmarks,219359480,"W/""7ec6a4830df84fe59f8ede7aca5921d2c6434a6bc56b8cbabb3ad180c7209fa7"""
soumith,convnet-benchmarks,218453339,"""3acd04d9c2d317e08a9b3a7a74e78273cec9f0529b68d82e38a6cd90b261cb96"""
soumith,convnet-benchmarks,213950504,"""3acd04d9c2d317e08a9b3a7a74e78273cec9f0529b68d82e38a6cd90b261cb96"""
soumith,convnet-benchmarks,208909833,"W/""d081b26ad29b69a231d361ee3531029b807f6554f44716944909380a8acd26e9"""
soumith,convnet-benchmarks,208339039,"W/""6e7b908b4c18a102da42752dcdd4180ec8272294e5126be141f8849aabc7b0ab"""
soumith,convnet-benchmarks,204456506,"""3acd04d9c2d317e08a9b3a7a74e78273cec9f0529b68d82e38a6cd90b261cb96"""
soumith,convnet-benchmarks,193877551,"W/""3127fcfabae4286a17bd0baa9d96cc5d6197800153a9c4d382bcb28b652bc88c"""
soumith,convnet-benchmarks,186176426,"W/""ee128a4bcbd5db3d0fc055a3bdc6b87d236350f997fbfdbf56d24cd326a42875"""
soumith,convnet-benchmarks,183498192,"W/""29114a8f9dd43abcd740ea9e46934f8d611ff65af49fef46aa804cda39d33037"""
soumith,convnet-benchmarks,182211833,"W/""7bad574fd809c86532255667fb45f8f9b6f6e012174880b0112c81b0271aaf5c"""
soumith,convnet-benchmarks,181156705,"""3acd04d9c2d317e08a9b3a7a74e78273cec9f0529b68d82e38a6cd90b261cb96"""
soumith,convnet-benchmarks,174196457,"W/""c70121dc470ca6c7d3553a589914ccc3ad6d3cfe46d800c798e5735704d5e8a7"""
soumith,convnet-benchmarks,172137784,"W/""ea8a72914f7b4360136dd419a6e1dd51211270a8c21e57a37c1da5ce284b01b2"""
soumith,convnet-benchmarks,170189671,"W/""ed6ee86eff522da13171f6ca2b3db54c7b27b2ed761c24dbda29d63c2ce56b06"""
soumith,convnet-benchmarks,170097655,"W/""ce733baa9ccf3a1654caa8ade5bd7fc5d50dc76f8f9dbb29539780a67add238d"""
soumith,convnet-benchmarks,166356574,"W/""eee0cf80bed923bef9f3bad272b48ef15856125e77ed91934649b90a76061139"""
soumith,convnet-benchmarks,162020152,"W/""cbfba55b54513954a13b813f56548867aad2d75f4d159a0aa3f2f691c3ecca0f"""
soumith,convnet-benchmarks,161463001,"""3acd04d9c2d317e08a9b3a7a74e78273cec9f0529b68d82e38a6cd90b261cb96"""
soumith,convnet-benchmarks,158020601,"""3acd04d9c2d317e08a9b3a7a74e78273cec9f0529b68d82e38a6cd90b261cb96"""
soumith,convnet-benchmarks,156642278,"""3acd04d9c2d317e08a9b3a7a74e78273cec9f0529b68d82e38a6cd90b261cb96"""
soumith,convnet-benchmarks,153007675,"W/""ee556e992ff8c5c4fccf3b0d892efc76e7d9f7c639bb1159ec88ff7c527eb8c1"""
soumith,convnet-benchmarks,152882435,"W/""d3a6ee0ae1e54bcf6d905024383db96f0bf31241f42db23edd3faf7977f7afa3"""
soumith,convnet-benchmarks,150046530,"""3acd04d9c2d317e08a9b3a7a74e78273cec9f0529b68d82e38a6cd90b261cb96"""
soumith,convnet-benchmarks,148570455,"W/""8f5fe1724c3782b7a31d069534c5f5202802ce1e55de72d7a467f7a1da007fbd"""
soumith,convnet-benchmarks,148512920,"W/""049970959aae80f38569be265f20bb80ed3685c55f41ce9279ce879f41cbf388"""
soumith,convnet-benchmarks,146193532,"W/""bb803ad17221cf54b074a55b7d23b3e5ee9530438b2000abff12a1b075cc8ac8"""
soumith,convnet-benchmarks,145503116,"""3acd04d9c2d317e08a9b3a7a74e78273cec9f0529b68d82e38a6cd90b261cb96"""
soumith,convnet-benchmarks,144917127,"""3acd04d9c2d317e08a9b3a7a74e78273cec9f0529b68d82e38a6cd90b261cb96"""
soumith,convnet-benchmarks,143787157,"W/""6190703c2c4e4ad9caa5a0e60bd3232386bb7e03a7145072ef985c3efb45baed"""
soumith,convnet-benchmarks,140754873,"W/""40ab82d09be36afe6eae44155009ead6fe2888b65170a291f3af5e3118641fff"""
soumith,convnet-benchmarks,139481923,"W/""f69cc4eeb20830a0fce11c855937989b8e7538d911c7dabb7855198ad779bec1"""
soumith,convnet-benchmarks,139421818,"W/""166f630caa02ea14b131a5c7fab921e5e159a322a3460319af2d707cbf080067"""
soumith,convnet-benchmarks,138356929,"W/""98d45d8231ca391da9ecf4b79cbac44ca1f1652be321d2636a38afb659b42ac2"""
soumith,convnet-benchmarks,137210492,"W/""bd20cf3c629d4111934e0cff9c92586ee82a9ba6efe3a65dc5065c83824f45e6"""
soumith,convnet-benchmarks,137141243,"W/""6130d0e66cade0e61ceee90c1eda4cba995274db456a26da70efa64bf7a4a42e"""
soumith,convnet-benchmarks,137117686,"W/""0898122a2f517aecd0dcaaf52a02575957f100384cc9d0aa6dee154c0cef118b"""
soumith,convnet-benchmarks,136398072,"""3acd04d9c2d317e08a9b3a7a74e78273cec9f0529b68d82e38a6cd90b261cb96"""
soumith,convnet-benchmarks,135836957,"W/""5106e26ae75115a593bb69661e7914a12e5103c599362a46dfe45373ad2c3f01"""
soumith,convnet-benchmarks,135836192,"""3acd04d9c2d317e08a9b3a7a74e78273cec9f0529b68d82e38a6cd90b261cb96"""
soumith,convnet-benchmarks,134392661,"W/""1b52b34b0a1fec1ae1a8bfa8074ff1a63c54ba282cbdd785d599f87529d82e2e"""
soumith,convnet-benchmarks,132787585,"""3acd04d9c2d317e08a9b3a7a74e78273cec9f0529b68d82e38a6cd90b261cb96"""
soumith,convnet-benchmarks,132768720,"W/""aa210ccccddd389b81a4cb48efbdca5227e0f6ff1002b047405cf5b81e990203"""
soumith,convnet-benchmarks,132691902,"""3acd04d9c2d317e08a9b3a7a74e78273cec9f0529b68d82e38a6cd90b261cb96"""
soumith,convnet-benchmarks,131704614,"W/""b0b2954c5c13e2926bba7e67983724d4c8547848aefe5d4cd7c22b0c7cce7cf7"""
soumith,convnet-benchmarks,129285542,"W/""f426c365da69f007147ca028f6279a23149075267c335cf3dce3196a080a0c85"""
soumith,convnet-benchmarks,128840760,"""3acd04d9c2d317e08a9b3a7a74e78273cec9f0529b68d82e38a6cd90b261cb96"""
soumith,convnet-benchmarks,128387155,"W/""0d460e7b649e5b4440ef96eb59ef0af37a3c8f90eac24b06a9f622115fe2b869"""
soumith,convnet-benchmarks,127126362,"""3acd04d9c2d317e08a9b3a7a74e78273cec9f0529b68d82e38a6cd90b261cb96"""
soumith,convnet-benchmarks,125301348,"W/""f152b0547daf47210e12258166c637ed8e2ac0d6a5d3839b3cb3229e9db5934d"""
soumith,convnet-benchmarks,123042728,"W/""22f055c0d4274177b1896f2a915df99212f66f2952424015a68a3da24b154b4e"""
soumith,convnet-benchmarks,121591982,"W/""ced7e8c375ec9ff0cbabc6058d14b0eaa3461184ee48a6f689a3d0081619e12e"""
soumith,convnet-benchmarks,121543458,"W/""2767650efc9e35495b52a1778c27a6ea12fbf7f84ffcbc8a3af49161f13df313"""
soumith,convnet-benchmarks,121181263,"""3acd04d9c2d317e08a9b3a7a74e78273cec9f0529b68d82e38a6cd90b261cb96"""
soumith,convnet-benchmarks,120354877,"W/""62d54f5cbba1d661da2fdcb27f9120c1ed6e5385cac44aa50113d8e4ba866fe4"""
soumith,convnet-benchmarks,120229488,"W/""4a3552320ae13e3b45a72882aa403579370b44cd0ffe800b45101fb9a3878746"""
soumith,convnet-benchmarks,120174358,"W/""3d1f2c71fef711aecc7393c15ade3da15e1d5bbd57c7b4bfddf1d055fb76923c"""
soumith,convnet-benchmarks,116481615,"W/""1c780c4fb33cf1763f696a7498f152ece72f77a8907d5636e4a0b9961bb77076"""
soumith,convnet-benchmarks,116480870,"W/""1fb83ad64c37020e0990eeedaf7d4031545aac5c7cc0fc6cd1e56384a1bb3767"""
soumith,convnet-benchmarks,116413730,"W/""1d84a19af269cca635ba5966eefc0b5decfb188cd7a03dc37b01872e62a29e89"""
soumith,convnet-benchmarks,116287942,"W/""7cbdf3d3815a96047275e2c7b20204f26324baa933a068cdf28b8429d00ccb65"""
soumith,convnet-benchmarks,115907655,"W/""658425e24473900d7dd192a7b5f098609e43f05d42c26eaf01bb02a58d2e0e7c"""
soumith,convnet-benchmarks,113558343,"W/""70b531f0b155d86247db420308632f3e68aa2187f0fcb5acddd68a1e1c2cbd8f"""
soumith,convnet-benchmarks,112226484,"W/""01443018b276e029545ef4d46707510b37ff0d3480e3d8832ed7e58e4e3f7834"""
soumith,convnet-benchmarks,111935063,"W/""40dee226a4e2b45d50d02fd65a4b1493bdbd1c697ae7145e20a0eb70a2634e37"""
soumith,convnet-benchmarks,111763969,"W/""b2f43749fe592fe1e08ff7863f68f4ba005541a45cb839bbdd41ef5e5bfee77a"""
soumith,convnet-benchmarks,111663183,"W/""02e5a37e3af61865fc4e840099a757b818e953651f06943d6178a50c77355b50"""
soumith,convnet-benchmarks,111522611,"W/""64ad1f16d43bc4b246cba4a4fb5c6db0cf36d8871e5fc420b4737dc9887f8372"""
soumith,convnet-benchmarks,111498893,"""3acd04d9c2d317e08a9b3a7a74e78273cec9f0529b68d82e38a6cd90b261cb96"""
soumith,convnet-benchmarks,108020480,"W/""aa8f3c93289123eb880f5f41ffaec15fbf2185ca87a16699f88c10657d95c2b2"""
soumith,convnet-benchmarks,103818583,"W/""154100711ce943427795a1df8f76049f9333c6a263d1cc51148f8e821e5e06de"""
soumith,convnet-benchmarks,102363969,"W/""3d5b7e2c86dd8043c563a6670044a39c7db67712395074d3d22af3683ceb60ef"""
soumith,convnet-benchmarks,102201556,"W/""12a0ee58c4f5feba7cd558d5b7f4a09f036378c9cc2a1abe6efbbd960f6dac1d"""
soumith,convnet-benchmarks,100714601,"W/""2f51e924dc6ad7925acbad937e429d4e447a241c65b667176f36e9a8a0840c23"""
soumith,convnet-benchmarks,100064707,"""3acd04d9c2d317e08a9b3a7a74e78273cec9f0529b68d82e38a6cd90b261cb96"""
soumith,convnet-benchmarks,99944218,"""3acd04d9c2d317e08a9b3a7a74e78273cec9f0529b68d82e38a6cd90b261cb96"""
soumith,convnet-benchmarks,99904948,"W/""a552da15e83ce323374a33a84973bae5d620a585fac9006321d603ebc4d72bd4"""
soumith,convnet-benchmarks,99850257,"W/""74be69b308ebd6fc57f9ccff547486d45156e18fde5f221f724e7930300576d1"""
soumith,convnet-benchmarks,99456271,"W/""9f9c5218ec2dfb0feea7a811fdc341e569ddeae2751049bbda9f829f59fbe665"""
soumith,convnet-benchmarks,98856170,"""3acd04d9c2d317e08a9b3a7a74e78273cec9f0529b68d82e38a6cd90b261cb96"""
soumith,convnet-benchmarks,98644257,"W/""30d4a156145bc16d9d6665a8c9b7772aa9f52b510c2e4d56f4410959eeb61e6c"""
soumith,convnet-benchmarks,90078769,"W/""7b0f52ccb5353629ade69218d9c9feb4ba1abf05d2c563e8ff1c7d897d95d99c"""
soumith,convnet-benchmarks,83344869,"W/""e6ff97d4068319cb313cd6a627e626433dba5305e61e215cb65cf3c482becbc6"""
soumith,convnet-benchmarks,78864438,"""3acd04d9c2d317e08a9b3a7a74e78273cec9f0529b68d82e38a6cd90b261cb96"""
soumith,convnet-benchmarks,72168231,"W/""239b0a3e9047bb364ec9981c54b93aee3be033cbcdbfb0fb893ecdb0ae2e2539"""
soumith,convnet-benchmarks,69913944,"W/""f6bc27c9395b14715ed0fc39bad93c60a4c9201741fedd664d0067ad6a3407dc"""
soumith,convnet-benchmarks,67003422,"W/""ebbac31aaefc6428bc20cf91b5420c8d07f55673dac92da16ec729dfb3025380"""
soumith,convnet-benchmarks,66871908,"W/""a9c460b5b8c292dbde28655b8eef741207d4526e500e4e922031202cd6699ca1"""
soumith,convnet-benchmarks,66667789,"W/""70e61e0e555c027b8b234f699dbf0ad4532dc4d6f87ef717dc63adcde3a68c3a"""
soumith,convnet-benchmarks,66555800,"W/""1ce26ec7484044de1175aa1f9c3a4d868d4e7a6867ab6ff11a7c0cc274ef58f2"""
soumith,convnet-benchmarks,60287270,"W/""6258e8051e32c43249dc70e5ed5f12be3f1bc5bedd74487cf0872f72ff1570e1"""
soumith,convnet-benchmarks,51248144,"W/""44aa3763192fefaf2482c8d04aee0ffa732fd3066b09a6de57f589115f381425"""
soumith,convnet-benchmarks,50509631,"W/""bf55db16f092ab9394efb6c8c0a9341e7ef125230db71011e7f58406c51fabe4"""
soumith,convnet-benchmarks,49949739,"W/""2bd29578a2e8d7eb4efde6a5ddd03e2754d725d9204f21da82c5c2b2e39e8446"""
soumith,convnet-benchmarks,49247762,"W/""d79c5b96e3e043c81604821195b2d4319c6e57482cccf018a024b824cc10023f"""
soumith,convnet-benchmarks,43935844,"""3acd04d9c2d317e08a9b3a7a74e78273cec9f0529b68d82e38a6cd90b261cb96"""
soumith,convnet-benchmarks,43761731,"W/""58cd397faf4083279e26ecd4c9cce04e429088135f9d23ca6a36ffc99c5a0bf4"""
soumith,convnet-benchmarks,42545268,"W/""913133083ca6bdefd0a0084c972aa8a9ed461d1711bad56e8b3674f7fd7e8d09"""
soumith,convnet-benchmarks,42523587,"W/""5506bf10ab09faca557ca14c44f07fc212d2ebb58a6c5855a015d6329bb7fff0"""
soumith,convnet-benchmarks,42518887,"W/""0d43dd1985075925ff91016671f4bc834cd33700f20812ec536542e41aad1eb7"""
soumith,convnet-benchmarks,42179094,"""3acd04d9c2d317e08a9b3a7a74e78273cec9f0529b68d82e38a6cd90b261cb96"""
soumith,convnet-benchmarks,42106146,"W/""78669fba7cd397c6e7dac3273681224cb5e2ff97059eaf15ed632c4d92f16c86"""
soumith,convnet-benchmarks,41648565,"W/""8d53a9c8788805fc7e586015180fb05c5ef3a34d9263d86824644b5d7194b921"""
soumith,convnet-benchmarks,41200421,"W/""933cc4a524ed15cdf8cdf294a981836a99d3e7750a394a66e9fc67b09aca86f2"""
soumith,convnet-benchmarks,41079530,"W/""8973c08ecfd7c65ba7254fc2bfbfd1eb585cffdea88e632c530393e7fc61c6ea"""
soumith,convnet-benchmarks,40908017,"""3acd04d9c2d317e08a9b3a7a74e78273cec9f0529b68d82e38a6cd90b261cb96"""
soumith,convnet-benchmarks,40658871,"W/""e985a0eda543b7e5b063464a2272d4a8eaafd318e160f199cb7c385a79fec550"""
soumith,convnet-benchmarks,40370805,"W/""c3344058a8cf0e7b8f616eb5461cb76595a1e8521be3ce7015cd7dd5e10159a8"""
soumith,convnet-benchmarks,40167020,"W/""f633c1afb8fe6aa5e7b3f58dd4e9afd6e499e604d011f4e7a5f02368aea6f947"""
soumith,convnet-benchmarks,40146537,"W/""c995b0ce6c1fbad6180b0266cfa9737bd81d20a6a2397280d4e0328ce5478d2a"""
soumith,convnet-benchmarks,39501492,"W/""3cad6a8ed9be65135434d058a8964bf3e4f0920d1638174fd7fd678c11149a86"""
soumith,convnet-benchmarks,39500208,"W/""e009bf6704fbe2502098e33aac4ffdc666697a25f07af7e12abf2a20084af591"""
soumith,convnet-benchmarks,39466017,"""3acd04d9c2d317e08a9b3a7a74e78273cec9f0529b68d82e38a6cd90b261cb96"""
soumith,convnet-benchmarks,39371395,"W/""d6c00a65ab365ee3ddef89123c2d898e98b8af63b32b086ae072661faf1ab0e2"""
soumith,convnet-benchmarks,39369126,"W/""a00aa3eb2dad0532e1d8169aeff7c2cbdd3f34ac13e638922e1a1b87abd43c3d"""
soumith,convnet-benchmarks,39284910,"W/""fbcb7c6563465dce3b0c6456f1816daca41946230ac50d571ba422c44cd9aacb"""
soumith,convnet-benchmarks,39280258,"W/""2e8ce02c988360bb518d143b7b0ba7264038b34a8f58709167bfc94eeffa571b"""
soumith,convnet-benchmarks,39216298,"W/""1d17bdc8b7c7cb51144106dac95baf2f3401fcb7fc7168e42f4f5028ddc9e7ab"""
soumith,convnet-benchmarks,39053101,"""3acd04d9c2d317e08a9b3a7a74e78273cec9f0529b68d82e38a6cd90b261cb96"""
soumith,convnet-benchmarks,39051271,"W/""d6d2800bf64714751d6eaa1901ed518652bbc7ab10f2e45deeb2911d0729f7c8"""
soumith,convnet-benchmarks,39047863,"W/""c342c1131bd81038724347354104d91b13b7ebb209b1bb96e730471b530c050c"""
soumith,convnet-benchmarks,39033975,"W/""17c4c3b25568b330f6161164291bf41c76f2114e1b54c2d5891804afcac978f8"""
soumith,convnet-benchmarks,38967918,"W/""a2ef3801e87e93ff9f7c05179e10e8556ab033e26bc3d7879472a6847939228a"""
soumith,convnet-benchmarks,38277583,"W/""bbd14c77ecfd0e18a165bedadcce4d6d1eabc602d3d5a9f968d0576282012ae0"""
soumith,convnet-benchmarks,38267255,"W/""ba0e2688dc32f0b968c98e17c3be311e6a631005e1833a37c34020f95337d146"""
soumith,convnet-benchmarks,37844193,"W/""78a25d026b516eea0125a85d86b4a87d6f60efa8b3a7f16283ef0b5b8b0c0091"""
soumith,dcgan.torch,684043050,"W/""78b26d57e3c4eea7bd2c1333fab624747696f0426771e9815f2569d6f93dc5c1"""
soumith,dcgan.torch,619211078,"""3acd04d9c2d317e08a9b3a7a74e78273cec9f0529b68d82e38a6cd90b261cb96"""
soumith,dcgan.torch,466797948,"W/""d8ff76677d7a508c517e79c5681d24aa857da65168e3b839f03cd0ff5dd201aa"""
soumith,dcgan.torch,451365996,"""3acd04d9c2d317e08a9b3a7a74e78273cec9f0529b68d82e38a6cd90b261cb96"""
soumith,dcgan.torch,392754540,"W/""378fa8c9a84e1143587d47f322cf9b25546a4daf8a259a892651df630f32c085"""
soumith,dcgan.torch,387896191,"""3acd04d9c2d317e08a9b3a7a74e78273cec9f0529b68d82e38a6cd90b261cb96"""
soumith,dcgan.torch,374743418,"""3acd04d9c2d317e08a9b3a7a74e78273cec9f0529b68d82e38a6cd90b261cb96"""
soumith,dcgan.torch,370528796,"W/""8e5e02ac824b2397c9c9e09f100dfd8be3a458b5c8608b2d72128b75062525b5"""
soumith,dcgan.torch,321683913,"""3acd04d9c2d317e08a9b3a7a74e78273cec9f0529b68d82e38a6cd90b261cb96"""
soumith,dcgan.torch,298101409,"""3acd04d9c2d317e08a9b3a7a74e78273cec9f0529b68d82e38a6cd90b261cb96"""
soumith,dcgan.torch,288414985,"W/""df18da6ff72a0a892ae470b24b0569674ed1c4be2fe8fd89852a67b83ed1d3f9"""
soumith,dcgan.torch,285021061,"""3acd04d9c2d317e08a9b3a7a74e78273cec9f0529b68d82e38a6cd90b261cb96"""
soumith,dcgan.torch,282100796,"W/""c8062ee1de9448ee172720828d3de854fe2c8e77dbb165df962b2feb6c7ab3fb"""
soumith,dcgan.torch,276532891,"W/""0bdac66e1ce720dce273427aeaea6a156574d845c8be6f7e1bdc2d1ada6716d3"""
soumith,dcgan.torch,245389123,"W/""f31665a6e026aa84c1aca0b7f493030516a883b25f044437bbd78e3929f77718"""
soumith,dcgan.torch,243711409,"""3acd04d9c2d317e08a9b3a7a74e78273cec9f0529b68d82e38a6cd90b261cb96"""
soumith,dcgan.torch,234553387,"""3acd04d9c2d317e08a9b3a7a74e78273cec9f0529b68d82e38a6cd90b261cb96"""
soumith,dcgan.torch,233462274,"""3acd04d9c2d317e08a9b3a7a74e78273cec9f0529b68d82e38a6cd90b261cb96"""
soumith,dcgan.torch,230778157,"W/""585b1a6991cdbb94dc553a4898270ce0ad807f0fbe9b62d95ee2c589ef09cb8f"""
soumith,dcgan.torch,229244918,"""3acd04d9c2d317e08a9b3a7a74e78273cec9f0529b68d82e38a6cd90b261cb96"""
soumith,dcgan.torch,229018391,"""3acd04d9c2d317e08a9b3a7a74e78273cec9f0529b68d82e38a6cd90b261cb96"""
soumith,dcgan.torch,228499630,"""3acd04d9c2d317e08a9b3a7a74e78273cec9f0529b68d82e38a6cd90b261cb96"""
soumith,dcgan.torch,221654648,"W/""ed08ba03c9cecd8fc5edca36b81fe0ed29efc18556cc26062e7af7bab448ed1c"""
soumith,dcgan.torch,220479436,"W/""c4a2bddfa311649b2bfe410b8e2b2eac0c1b5b5d767cea2be29d99151523cc85"""
soumith,dcgan.torch,218704577,"W/""58b2f19c3c5f9b8b917e681e889faaf62dc17e5ecf98b5e33ab9e05ef349b7d9"""
soumith,dcgan.torch,215246017,"""3acd04d9c2d317e08a9b3a7a74e78273cec9f0529b68d82e38a6cd90b261cb96"""
soumith,dcgan.torch,214885185,"""3acd04d9c2d317e08a9b3a7a74e78273cec9f0529b68d82e38a6cd90b261cb96"""
soumith,dcgan.torch,214376367,"""3acd04d9c2d317e08a9b3a7a74e78273cec9f0529b68d82e38a6cd90b261cb96"""
soumith,dcgan.torch,214090359,"W/""74ac738936da0aaafc24280828586481e3c0a9d0e6b95f1ce57ef572f228c160"""
soumith,dcgan.torch,209787184,"W/""6fa72788c78d97967b5d7e44687b1f7c8b6cbddbfb3b8f145826c0e3b88691c7"""
soumith,dcgan.torch,208899411,"W/""f6038d11813dc7e246774fd8cfcb8b343c7d4d1f29331ef96f679fc734eb7580"""
soumith,dcgan.torch,208898625,"W/""d921326aec99c43b3794c48ba9f382a0f64e53936d160000e499d01ddcec8f84"""
soumith,dcgan.torch,200562428,"W/""955cae1e7395453dd57953a69e5540fa04f68f8392b36f955646c658f5cf2850"""
soumith,dcgan.torch,200468632,"W/""a9ee46eafc10a5bb47be3b10386a21c7aca031aa3b5f23eed06a86e5cbd2dd40"""
soumith,dcgan.torch,200362488,"W/""6dd8016b0f38706bd357ccdf87b09135939eb9831da661889f5cbb77c700238a"""
soumith,dcgan.torch,198812321,"W/""343c9a9d73a4a574fb3b1a7e64a6bf4afd9f79dba6494a7d639785dacaf09e27"""
soumith,dcgan.torch,196319720,"W/""aa977196f936e366c5f115c5dc32cfe66d987a680b9a60620e9014727401e43f"""
soumith,dcgan.torch,195977984,"W/""b27ac124b0b70e6ef4ef6ed0f03f81a237f56af099debc695cdeccd1958dbe07"""
soumith,dcgan.torch,193135686,"W/""5bf5d5426224ccf0d5c4048da7330c0ff4b03df72e2a9269c4b78c82240c7800"""
soumith,dcgan.torch,191783989,"W/""c091f4fbca41b31fc265928689cb2140460bed05895afae5bca308e85fa8964c"""
soumith,dcgan.torch,189284734,"W/""8b71386c76456a6ec74ab289147031d3b031ff9fcf9689b42c2bff25b0063427"""
soumith,dcgan.torch,188733711,"W/""7bdb3e034298442817d945b0b324d5d0b3022c731dc8f62696a00a8aa566d5f7"""
soumith,dcgan.torch,188384925,"W/""6e34110b78af3c997f0941c10c38ed0e8cbf52e4ab2a114a76b9c3556641210e"""
soumith,dcgan.torch,188105704,"W/""7585c7e17a072a06ea729c74c5eb95ccd9a36bc130d35e6121b0f461ce376b5c"""
soumith,dcgan.torch,187822123,"W/""2ad19e1eb7243a26931f2a6e163f09346b227a21e08fc5e31908773272a8ae04"""
soumith,dcgan.torch,187025322,"""3acd04d9c2d317e08a9b3a7a74e78273cec9f0529b68d82e38a6cd90b261cb96"""
soumith,dcgan.torch,186117282,"W/""1c108051d259a5075575492b97679c693549b3c3c3972cb10c6ef64f01ce6a2b"""
soumith,dcgan.torch,185867405,"W/""1a2a2a391c2a787f02fdf4fbe9bb031da438a19dd85a44954152f180a30d00a0"""
soumith,dcgan.torch,185585751,"W/""e55e95a387cc63567d849660b4838b5c6aa14e5a56c3381fcb395ef2e5a5a58a"""
soumith,dcgan.torch,185575305,"W/""2feabc59ea7a40ebc29df74ee049dd925969aff51132497694d3a69ea8862707"""
soumith,dcgan.torch,185302294,"W/""cc62bd0545b101b0fea29a4ed9f1c5ba140490f812a09a73525288b5e5a068b2"""
soumith,dcgan.torch,185300353,"W/""cd2a5733669f78385ac75b25576e6fccf1d23607b3bdf1b3881ff19b0f93b0a3"""
soumith,dcgan.torch,184124649,"W/""4a4f9546053dca680b068bd89f03691432f90afe54ee65ebcddeda8a939b4f29"""
soumith,dcgan.torch,182728656,"W/""8023540083275f5adbd701a3fb92735b9892207a84cfdad591bbd40362c07a40"""
soumith,dcgan.torch,180088855,"W/""ced9bad0f8fffe7a268fe5e203b0ff06d5d74b015939c40a0f577ff338ac8698"""
soumith,dcgan.torch,179715370,"W/""6bbc853c16986c747e1e5f2170ebb018cb858be652b2bd5a560738113ce36782"""
soumith,dcgan.torch,179071973,"""3acd04d9c2d317e08a9b3a7a74e78273cec9f0529b68d82e38a6cd90b261cb96"""
soumith,dcgan.torch,177313636,"""3acd04d9c2d317e08a9b3a7a74e78273cec9f0529b68d82e38a6cd90b261cb96"""
soumith,dcgan.torch,177311579,"""3acd04d9c2d317e08a9b3a7a74e78273cec9f0529b68d82e38a6cd90b261cb96"""
soumith,dcgan.torch,177308506,"W/""94317e7da859da84737cb704c933993956e6222c89d4fcab61a88d3b35de1326"""
soumith,dcgan.torch,175558585,"W/""ae537c84bb62ab24b170802d9d2b0b24bcbd08384ae2fb7de60d9b4c1236643e"""
soumith,dcgan.torch,174139398,"W/""685b0225ce5d44e3c9062ea5f737853ea17904d908177fdca37e6650e984b2c0"""
soumith,dcgan.torch,173320032,"W/""f76b06ab481054470174b451295f15c01426f351478a93f177c574d15dea6c53"""
soumith,dcgan.torch,171411446,"W/""90d07fc0d5b2e01cdbcfb50cceff730045c3cf2a7e8c2f1057e556ae99504a8c"""
soumith,dcgan.torch,170091617,"W/""c49b883a52ad78d894871f2c308752eb4f6eea1674b0cc0963f4a5145598d96a"""
soumith,dcgan.torch,169495614,"W/""6cbb7bfd27915a0af37ecf5073d2c4ceec66da628d63318b6c923f8b08e5a748"""
soumith,dcgan.torch,168035544,"W/""f8da40ff16dd7829a15d8f55de0e1f2a3113f2711638e8cb1704209f7512a475"""
soumith,dcgan.torch,167945269,"W/""0dad25bc03548180e694d09136c31e152003a0c72fa7d4a71f8f69b71f4e8a28"""
soumith,dcgan.torch,166066652,"W/""1ca2475c6bff600017215687c25d424857bf7eaa7ddc9708cb287b7430a5d498"""
soumith,dcgan.torch,165812457,"W/""a1c81523e5ce120bbee24d6600d5e341d4cc087c7b2c47ad140764d83f1198b1"""
soumith,dcgan.torch,165708284,"W/""07bd947f03b0518ae833a3e5db2e4b47ed41d4961c2748bc3f244985c5dcbe51"""
soumith,dcgan.torch,165630806,"W/""bbb09b997f53e641f9f0e30df9252bfbe7c6c4051b406f8da53ea9e78ca9a4cc"""
soumith,dcgan.torch,164861149,"W/""d842ed54c74b4577a4992e10122c7fdd8e97357837b64bf1263e052b8530f451"""
soumith,dcgan.torch,164819880,"W/""d7f243fef45c040502f27bdb41f11b6e0a6a1f446f449a76048f8ba7bb9ee3b0"""
soumith,dcgan.torch,164685776,"W/""a73b0dc7cce7aed96801c17bc8922a1f8b436733922b0d1acc33c5dc9c0b2d47"""
soumith,dcgan.torch,163570107,"""3acd04d9c2d317e08a9b3a7a74e78273cec9f0529b68d82e38a6cd90b261cb96"""
soumith,dcgan.torch,162166012,"W/""4b7dff77487aaad16d5dd825987693ad0d3f5e00943d246a65ff7c7ea286f645"""
soumith,dcgan.torch,157805541,"W/""703ea9795e4156b6f214e0d5027327d2a236f4575939afc30eafb32d4cd75c38"""
soumith,dcgan.torch,155662868,"""3acd04d9c2d317e08a9b3a7a74e78273cec9f0529b68d82e38a6cd90b261cb96"""
soumith,dcgan.torch,151031090,"W/""b2dbe91438db22b81219558e98715ebb7b9849eda4ea495156fecc39f57ede85"""
soumith,dcgan.torch,149127387,"W/""21bb1fa7298e5995293d25c691f3a988d7a53315ddc782370a3da7d1e7e5b916"""
soumith,dcgan.torch,138904898,"W/""9b408b16909f8d58aa7ea8532be19079b1f6e0e76ad765661fa62b9e127c59a1"""
soumith,dcgan.torch,134061435,"W/""d29c139c77d0bc48c22a68693b8fc834e8c6694888b23c662e754abeeec5723f"""
soumith,dcgan.torch,131846447,"W/""1bf516a3fb053f60ec3835c69252793d37152de65ab60de88e3cb8a40035f890"""
soumith,dcgan.torch,131619941,"W/""36784ac9e9360623f68c76f4c22195bf73036e1763a3828215b85805368aa5b6"""
soumith,dcgan.torch,127116991,"W/""6548240a93f1e4c3d0d257991fdf3288d8d798a38589e46ee4e90248f66dd01b"""
soumith,dcgan.torch,126527297,"W/""6a4b38bd35c53a603e0e58a0853b829f3474b86ffcb666f7e78c267a05a545f6"""
soumith,dcgan.torch,125155637,"W/""f347268cc16eb32b8e33324e295064cf803c1058da00cc929236264d7c594593"""
soumith,dcgan.torch,124160654,"W/""eb1cd6d2d2cbe23de0d386fb8c2a4df38707c068597d93fbf1935b8968a67522"""
soumith,dcgan.torch,123173677,"""3acd04d9c2d317e08a9b3a7a74e78273cec9f0529b68d82e38a6cd90b261cb96"""
soumith,dcgan.torch,123172055,"""3acd04d9c2d317e08a9b3a7a74e78273cec9f0529b68d82e38a6cd90b261cb96"""
soumith,dcgan.torch,122643832,"""3acd04d9c2d317e08a9b3a7a74e78273cec9f0529b68d82e38a6cd90b261cb96"""
soumith,dcgan.torch,122325315,"W/""d65a51d4cd26083b31168fc8da4970be8e8f5b024d2cc8df3b2904d424cec028"""
soumith,dcgan.torch,122175376,"W/""0b88897c96a03bd55fe56147aa7fbb97ec765a32538f7b0b9e8a83f103ae36b2"""
soumith,dcgan.torch,121739901,"W/""f27eed0c524bbc8de632a329c0b4ea0271dec1a1b10b4bfbfc5f8bf4d373e056"""
