owner,repo,checked_at,etag
eljog,agileboard-ui,2021-04-26T02:36:50Z,"W/""a3fa4b23a32ee26e1a3450fdca9341e1ab33c02022935edb886119152dc1d675"""
GeekMasher,geekmasher.dev,2021-04-26T02:36:52Z,"W/""7e0e0096399d902108c54651dd40d4f515a1109c5a0f96df97389cf3bf9ea20e"""
hmarr,auto-approve-action,2021-04-26T02:36:57Z,"W/""ef4a4c9311fd439f538bfe90d0d50c324f80370240ef2c1243e0dc04f33157bd"""
helaili,jekyll-action,2021-04-26T02:36:59Z,"W/""a0bbd8e705b1341003964ec63a6984eb2d7af4625612ae35f4eb4af52df1d6ef"""
hamelsmu,code_search,2021-04-26T02:37:01Z,"W/""628aea23fb6dc6cd4bc75a31d06b5e1312d45d0721fafa524462ad5ac7eaee5f"""
jamesmartin,inline_svg,2021-04-26T02:37:05Z,"W/""2c30b8d5abbd6307bb61535c8371a1d54e83c21e57b61fe7252aaf3c24949ce0"""
izuzak,atom-pdf-view,2021-04-26T02:37:11Z,"W/""7615227836a8173a44e87c745fd06418c5be05f98cf2767a5b6527e2b952117b"""
jasonrudolph,keyboard,2021-04-26T02:37:13Z,"W/""d45132fdfe281faac814497ecbe0c29ae605f2f6b8dac448fdd6db4688b15242"""
JasonEtco,actions-toolkit,2021-04-26T02:37:16Z,"W/""9c640eb909d1491068439d1ec210353bf98a292ffdb2b1d7ceeec59d0c944f4a"""
JasonEtco,todo,2021-04-26T02:37:23Z,"W/""3b74e3f896be0fd1da66d2213bb8b52e32f476998731502cad6617e2e10d9950"""
